member_supplier_name~membership_number~catalogue_name~brand_name~label_name~appa_product_code~product_code~product_name~product_code_group~categorisation~category_ /_sub category~Memento Category~additional_keywords~product_tags~discontinued_stock~product_description~description_additional~product_features~product_materials~product_item_size~product_packaging_inner~product_image_file_name~alternate_views_image_file_names~group_image_file_name~colours_available_appa~colours_available_supplier~colour_image_file_names~colour_product_codes~product_sizes~size_images~size_product_code~decoration_options_available~decoration_areas~indent_only~branded~custom_field_1~custom_field_2~custom_field_3~price_decoration_description~decoration position ~decoration color~decoration_type~price_product_code~price_notes~MOQ~IOQ~qty_1~sell_1~qty_2~sell_2~qty_3~sell_3~qty_4~sell_4~qty_5~sell_5~qty_6~sell_6~qty_7~sell_7~qty_8~sell_8~additional_charges_name1~additional_charge_value1~Set-up Charge~additional_charges_notes1~additional_charges_name2~additional_charge_value2~additional_charges_notes2~carton_height~carton_width~carton_depth~carton_weight~carton_qty~carton_cubic~carton_notes~freight_description~product_URL
170~S005115~Clothing Stock - Grace Collection Products Catalogue V1~~~~14MSP4001~Velocity Pants II - Mens~~~~Apparel | Pants~~~NO~100% Polyester, Elasticised waist band, Zippered pocket on both sides and back~~~100% Polyester~~~STJ4000_4002_sp4001_4003.jpg~~~~Black-White~~~XS,S,M,L,XL,2XL,3XL~~~~~NO~~~~~~1 Position~1 Colour~Screen Printing - Large~~~~~25~33.67~50~31.67~100~30.32~250~27.06~~~~~~~~~~~75.00~~~~~~~~~~~~~
171~~Clothing Stock - Grace Collection Products Catalogue V2~~~~14MSP4001~Velocity Pants II - Childrens ~~~~Apparel | Pants~~~NO~100% Polyester, Elasticised waist band, Zippered pocket on both sides and back~~~100% Polyester~~~STJ4000_4002_sp4001_4003.jpg~~~~Black-White~~~10,12,14~~~~~NO~~~~~~1 Position~1 Colour~Screen Printing - Large~~~~~25~33.91~50~30.67~100~29.35~250~26.17~~~~~~~~~~~75.00~~~~~~~~~~~~~
172~~Clothing Stock - Grace Collection Products Catalogue V3~~~~14MSP4003~Speed II Pants - Ladies~~~~Apparel | Pants~~~NO~100% Polyester, Elasticised waist band and piping design, Zippered pocket on both sides~~~100% Polyester~~~STJ4000_4002_sp4001_4003.jpg~~~~Black-Musk~~~S,M,L,XL~~~~~NO~~~~~~1 Position~1 Colour~Screen Printing - Large~~~~~25~34.08~50~30.83~100~29.52~250~26.32~~~~~~~~~~~75.00~~~~~~~~~~~~~
173~~Clothing Stock - Grace Collection Products Catalogue V4~~~~14MSP4003~Speed II Pants - Childrens~~~~Apparel | Pants~~~NO~100% Polyester, Elasticised waist band and piping design, Zippered pocket on both sides~~~100% Polyester~~~STJ4000_4002_sp4001_4003.jpg~~~~Black-Musk~~~10,12,14~~~~~NO~~~~~~1 Position~1 Colour~Screen Printing - Large~~~~~25~33.39~50~30.17~100~28.87~250~25.72~~~~~~~~~~~75.00~~~~~~~~~~~~~
174~~Clothing Stock - Grace Collection Products Catalogue V5~~~~14MST1012~Raymond Polo - Mens ~~~~Apparel | Polo Shirts~~~NO~Self fabric style collar, Contrast stitching design on collar and body, Button finish~~~Cotton Back - 45% Cotton /Coolde 55% Polyester~~~ST1012.jpg~~~~Royal-White-Red, Navy-White-Red, Black-White- Red, White-Navy-Red~~~XS,S,M,L,XL,2XL,3XL,5XL~~~~~NO~~~~~~1 Position~1 Colour~Screen Printing - Large~~~~~25~34.08~50~30.83~100~29.52~250~26.32~~~~~~~~~~~75.00~~~~~~~~~~~~~
175~~Clothing Stock - Grace Collection Products Catalogue V6~~~~14MST1012~Raymond Polo - Ladies ~~~~Apparel | Polo Shirts~~~NO~Self fabric style collar, Contrast stitching design on collar and body, Button finish~~~Cotton Back - 45% Cotton /Coolde 55% Polyester~~~ST1012.jpg~~~~Royal-White-Red, Navy-White-Red, Black-White- Red, White-Navy-Red~~~8,10,12,14,16,18,20,22~~~~~NO~~~~~~1 Position~1 Colour~Screen Printing - Large~~~~~25~32.87~50~29.67~100~28.39~250~25.27~~~~~~~~~~~75.00~~~~~~~~~~~~~
176~~Clothing Stock - Grace Collection Products Catalogue V7~~~~14MST1015~Deakin Polo - Mens~~~~Apparel | Polo Shirts~~~NO~Contrast panel & piping design at front. Ribbed collar. Side split~~~Cool Dry Poly-Micro Mesh Knit~~~ST1015.jpj~~~~Emerald-Navy, Gold-Black, Navy-White, Black-Orange~~~S,M,L,XL,2XL,3XL,5XL~~~~~NO~~~~~~1 Position~1 Colour~Screen Printing - Large~~~~~25~31.66~50~28.50~100~27.26~250~24.22~~~~~~~~~~~75.00~~~~~~~~~~~~~
177~~Clothing Stock - Grace Collection Products Catalogue V8~~~~14MST1015~Deakin Polo - Ladies~~~~Apparel | Polo Shirts~~~NO~Contrast panel & piping design at front. Ribbed collar. Side split~~~Cool Dry Poly-Micro Mesh Knit~~~ST1015.jpj~~~~Emerald-Navy, Gold-Black, Navy-White, Black-Orange~~~8,10,12,14,16~~~~~NO~~~~~~1 Position~1 Colour~Screen Printing - Large~~~~~25~30.79~50~27.67~100~26.45~250~23.47~~~~~~~~~~~75.00~~~~~~~~~~~~~
178~~Clothing Stock - Grace Collection Products Catalogue V9~~~~14MST1016~Blade Polo - Mens~~~~Apparel | Polo Shirts~~~NO~Ribbed style collar with trim, Ribbed style placket & cuffs with trim, Button finish~~~Cotton Back - 45% Cotton /Coolde 55% Polyester~~~ST1016.jpg~~~~Red-White, Royal-White, Navy-White, Beige-Navy, White-Navy~~~XS,S,M,L,XL,2XL,3XL,5XL~~~~~NO~~~~~~1 Position~1 Colour~Screen Printing - Large~~~~~25~34.08~50~30.83~100~29.52~250~26.32~~~~~~~~~~~75.00~~~~~~~~~~~~~
179~~Clothing Stock - Grace Collection Products Catalogue V10~~~~14MST1016~Blade Polo - Ladies~~~~Apparel | Polo Shirts~~~NO~Ribbed style collar with trim, Ribbed style placket & cuffs with trim, Button finish~~~Cotton Back - 45% Cotton /Coolde 55% Polyester~~~ST1016.jpg~~~~Red-White, Royal-White, Navy-White, Beige-Navy, White-Navy, Musk-White (Ladies Only)~~~8,10,12,14,16,18,20,22~~~~~NO~~~~~~1 Position~1 Colour~Screen Printing - Large~~~~~25~32.87~50~29.67~100~28.39~250~25.27~~~~~~~~~~~75.00~~~~~~~~~~~~~
180~~Clothing Stock - Grace Collection Products Catalogue V11~~~~14MST1017~Coel Polo - Mens~~~~Apparel | Polo Shirts~~~NO~"100% Cool Dry Polyester micro mesh knit
Contrast piping design at the front
Self-fabric style collar
3 buttons placket (for men) and 5 buttons placket (for ladies)
160 gsm"~~~100% Cool Dry Polyester micro mesh knit~~~ST1017.jpg~~~~Navy-White, Black-Grey, Lime-Grey, White-Grey~~~S,M,L,XL,2XL,3XL,5XL~~~~~NO~~~~~~1 Position~1 Colour~Screen Printing - Large~~~~~25~30.62~50~27.50~100~26.29~250~23.33~~~~~~~~~~~75.00~~~~~~~~~~~~~
181~~Clothing Stock - Grace Collection Products Catalogue V12~~~~14MST1017~Coel Polo - Ladies~~~~Apparel | Polo Shirts~~~NO~"100% Cool Dry Polyester micro mesh knit
Contrast piping design at the front
Self-fabric style collar
3 buttons placket (for men) and 5 buttons placket (for ladies)
160 gsm"~~~100% Cool Dry Polyester micro mesh knit~~~ST1017.jpg~~~~Navy-White, Black-Grey, Lime-Grey, White-Grey~~~8,10,12,14,16,18,20,22~~~~~NO~~~~~~1 Position~1 Colour~Screen Printing - Large~~~~~25~29.76~50~26.67~100~25.48~250~22.58~~~~~~~~~~~75.00~~~~~~~~~~~~~
182~~Clothing Stock - Grace Collection Products Catalogue V13~~~~14MST1018~Titan Polo - Mens~~~~Apparel | Polo Shirts~~~NO~160gsm, Contrast 2 panel design on each shoulder, Ribbed style collar, Contrast colour placket~~~Coolde 100% cool dry polyester~~~ST1018.jpg~~~~Black, Red, White, Hot Pink~~~XS,S,M,L,XL,2XL,3XL,5XL~~~~~NO~~~~~~1 Position~1 Colour~Screen Printing - Large~~~~~25~29.93~50~26.83~100~25.65~250~22.73~~~~~~~~~~~75.00~~~~~~~~~~~~~
183~~Clothing Stock - Grace Collection Products Catalogue V14~~~~14MST1018~Titan Polo - Ladies ~~~~Apparel | Polo Shirts~~~NO~160gsm, Contrast 2 panel design on each shoulder, Ribbed style collar, Contrast colour placket~~~Coolde 100% cool dry polyester~~~ST1018.jpg~~~~Black, Red, White, Hot Pink~~~8,10,12,14,16,18,20,22~~~~~NO~~~~~~1 Position~1 Colour~Screen Printing - Large~~~~~25~28.89~50~25.83~100~24.68~250~21.83~~~~~~~~~~~75.00~~~~~~~~~~~~~
184~~Clothing Stock - Grace Collection Products Catalogue V15~~~~14MST1019~Bamboo~~~~Apparel | Polo Shirts~~~NO~100% Cool Dry Polyester-Bamboo charcoal Pique Knit. Permanent anti-odour. Contrast ribbed style collar and cuff~~~100% Cool Dry Polyester-Bamboo charcoal Pique Knit~~~ST1019.jpg~~~~Charcoal-White-Red, Black-Grey-Lime, Navy-Grey-Orange, Orange-Grey-Black, Blue-Grey-Navy, ~~~S,M,L,XL,2XL,3XL,5XL~~~~~NO~~~~~~1 Position~1 Colour~Screen Printing - Large~~~~~25~30.97~50~27.83~100~26.61~250~23.62~~~~~~~~~~~75.00~~~~~~~~~~~~~
185~~Clothing Stock - Grace Collection Products Catalogue V16~~~~14MST1019~Bamboo~~~~Apparel | Polo Shirts~~~NO~100% Cool Dry Polyester-Bamboo charcoal Pique Knit. Permanent anti-odour. Contrast ribbed style collar and cuff~~~100% Cool Dry Polyester-Bamboo charcoal Pique Knit~~~ST1019.jpg~~~~Charcoal-White-Red, Black-Grey-Lime, Navy-Grey-Orange, Orange-Grey-Black, Blue-Grey-Navy, Pink-Grey-Navy~~~8,10,12,14,16,18,20,22~~~~~NO~~~~~~1 Position~1 Colour~Screen Printing - Large~~~~~25~29.93~50~26.83~100~25.65~250~22.73~~~~~~~~~~~75.00~~~~~~~~~~~~~
186~~Clothing Stock - Grace Collection Products Catalogue V17~~~~14MST1020~Eureka Polo - Mens~~~~Apparel | Polo Shirts~~~NO~160gsm, Trim design on shoulder and cuff, Self fabric style collar, Button finish in male shirt, Open finish on female shirt~~~Coolde 100% cool dry polyester~~~ST1020.jpg~~~~Red-White (Ladies Only),Navy-White, Bottle-Aussie Gold, Cherry Red-White (Mens Only), Royal-White, White-Navy, Black-White, Cherry Red-Black~~~XS,S,M,L,XL,2XL,3XL,5XL~~~~~NO~~~~~~1 Position~1 Colour~Screen Printing - Large~~~~~25~29.41~50~26.33~100~25.16~250~22.28~~~~~~~~~~~75.00~~~~~~~~~~~~~
187~~Clothing Stock - Grace Collection Products Catalogue V18~~~~14MST1020~Eureka Polo - Ladies~~~~Apparel | Polo Shirts~~~NO~160gsm, Trim design on shoulder and cuff, Self fabric style collar, Button finish in male shirt, Open finish on female shirt~~~Coolde 100% cool dry polyester~~~ST1020.jpg~~~~Red-White (Ladies Only),Navy-White, Bottle-Aussie Gold, Cherry Red-White (Mens Only), Royal-White, White-Navy, Black-White, Cherry Red-Black~~~8,10,12,14,16,18,20,22~~~~~NO~~~~~~1 Position~1 Colour~Screen Printing - Large~~~~~25~28.55~50~25.50~100~24.35~250~21.53~~~~~~~~~~~75.00~~~~~~~~~~~~~
188~~Clothing Stock - Grace Collection Products Catalogue V19~~~~14MST1021~Stripes Polo - Mens~~~~Apparel | Polo Shirts~~~NO~100% Polyester cool dry, Ribbed style collar, Horizontal striped pattern design both sides, Side split, 160 gsm~~~100% Polyester cool dry~~~ST1021.jpg~~~~Black-White, Navy-White, Royal-White, White-Red, White-Black~~~XS,S,M,L,XL,2XL,3XL,5XL~~~~~NO~~~~~~1 Position~1 Colour~Screen Printing - Large~~~~~25~33.74~50~30.50~100~29.19~250~26.02~~~~~~~~~~~75.00~~~~~~~~~~~~~
189~~Clothing Stock - Grace Collection Products Catalogue V20~~~~14MST1021~Stripes Polo- Ladies ~~~~Apparel | Polo Shirts~~~NO~100% Polyester cool dry, Ribbed style collar, Horizontal striped pattern design both sides, Side split, 160 gsm~~~100% Polyester cool dry~~~ST1021.jpg~~~~Black-White, Navy-White, Royal-White, White-Red, White-Black~~~8,10,12,14,16,18,20,22~~~~~NO~~~~~~1 Position~1 Colour~Screen Printing - Large~~~~~25~32.70~50~29.50~100~28.23~250~25.12~~~~~~~~~~~75.00~~~~~~~~~~~~~
190~~Clothing Stock - Grace Collection Products Catalogue V21~~~~14MST1023~Stealth Polo- Mens~~~~Apparel | Polo Shirts~~~NO~160gsm, Ribbed style collar with trim, Trim design under each arm, Contrast placket, Side split~~~Coolde 100% cool dry polyester mesh knit~~~ST1023.jpg~~~~Navy-White, White-Black, Bottle-Aussie Gold, Red-White, Royal-Aussie Gold, Black-White, Dark Maroon-White~~~XS,S,M,L,XL,2XL,3XL,5XL~~~~~NO~~~~~~1 Position~1 Colour~Screen Printing - Large~~~~~25~29.41~50~26.33~100~25.16~250~22.28~~~~~~~~~~~75.00~~~~~~~~~~~~~
191~~Clothing Stock - Grace Collection Products Catalogue V22~~~~14MST1023~Stealth Polo - Ladies ~~~~Apparel | Polo Shirts~~~NO~160gsm, Ribbed style collar with trim, Trim design under each arm, Contrast placket, Side split~~~Coolde 100% cool dry polyester mesh knit~~~ST1023.jpg~~~~Navy-White, White-Black, Bottle-Aussie Gold, Red-White, Royal-Aussie Gold, Black-White, Dark Maroon-White~~~8,10,12,14,15,16,20,22~~~~~NO~~~~~~1 Position~1 Colour~Screen Printing - Large~~~~~25~28.55~50~25.50~100~24.35~250~21.53~~~~~~~~~~~75.00~~~~~~~~~~~~~
192~~Clothing Stock - Grace Collection Products Catalogue V23~~~~14MST1027~Century Polo- Mens~~~~Apparel | Polo Shirts~~~NO~160gsm, Light weight wearing, Tri-colour polo design, Trim design on each side panel, Ribbed style collar, Button finish~~~Coolde 100% cool dry polyester~~~ST1027.jpg~~~~Emerald-White-Black, White-Red-Black, Navy-White-Sky, Black-White-Aqua, Red-White-Black, Dark Grey-White-Navy, Royal-White-Black~~~XS,S,M,L,XL,2XL,3XL,5XL~~~~~NO~~~~~~1 Position~1 Colour~Screen Printing - Large~~~~~25~31.31~50~28.17~100~26.94~250~23.92~~~~~~~~~~~75.00~~~~~~~~~~~~~
193~~Clothing Stock - Grace Collection Products Catalogue V24~~~~14MST1027~Century Polo - Ladies~~~~Apparel | Polo Shirts~~~NO~160gsm, Light weight wearing, Tri-colour polo design, Trim design on each side panel, Ribbed style collar, Button finish~~~Coolde 100% cool dry polyester~~~ST1027.jpg~~~~Emerald-White-Black, White-Red-Black, Navy-White-Sky, Black-White-Aqua, Red-White-Black, Dark Grey-White-Navy, Royal-White-Black~~~8,10,12,14,16,18,20,22~~~~~NO~~~~~~1 Position~1 Colour~Screen Printing - Large~~~~~25~30.45~50~27.33~100~26.13~250~23.18~~~~~~~~~~~75.00~~~~~~~~~~~~~
194~~Clothing Stock - Grace Collection Products Catalogue V25~~~~14MST1043~Clifford Polo - Mens~~~~Apparel | Polo Shirts~~~NO~Ribbed style collar with trim, Contrast colour placket, Button finish, Ideal corporate style polo~~~Pique Knit - 65% Polyester/35% Cotton~~~ST1043.jpg~~~~White-Navy, Black-Red, Black-White, Black-Aussie Gold, Red-White, Navy-White, Navy-Aussie Gold, Navy-Red, Royal-White, Sky-Navy, White-Red, Dark Maroon-White, Stone-Navy, Bottle-White, Bottle-Aussie Gold~~~XS,S,M,L,XL,2XL,3XL,5XL~~~~~NO~~~~~~1 Position~1 Colour~Screen Printing - Large~~~~~25~29.41~50~26.33~100~25.16~250~22.28~~~~~~~~~~~75.00~~~~~~~~~~~~~
195~~Clothing Stock - Grace Collection Products Catalogue V26~~~~14MST1043~Clifford Polo - Ladies~~~~Apparel | Polo Shirts~~~NO~Ribbed style collar with trim, Contrast colour placket, Button finish, Ideal corporate style polo~~~Pique Knit - 65% Polyester/35% Cotton~~~ST1043.jpg~~~~White-Navy, Black-Red, Black-White, Black-Aussie Gold, Red-White, Navy-White, Navy-Aussie Gold, Navy-Red, Royal-White, Sky-Navy, White-Red, Dark Maroon-White, Stone-Navy, Bottle-White, Bottle-Aussie Gold~~~8,10,12,14,16,18,20,22~~~~~NO~~~~~~1 Position~1 Colour~Screen Printing - Large~~~~~25~28.55~50~25.50~100~24.35~250~21.53~~~~~~~~~~~75.00~~~~~~~~~~~~~
196~~Clothing Stock - Grace Collection Products Catalogue V27~~~~14MST1048~Northern Polo - Mens~~~~Apparel | Polo Shirts~~~NO~160gsm, Light weight wearing, Tri-colour polo design, Checker design with mesh knit fabric on each side panel with piping, Ribbed style collar~~~Coolde 100% cool dry polyester~~~ST1048.jpg~~~~White-Red-Navy, White-Red-Black~~~XS,S,M,L,XL,2XL,3XL,5XL~~~~~NO~~~~~~1 Position~1 Colour~Screen Printing - Large~~~~~25~33.50~50~31.50~100~30.16~250~26.91~~~~~~~~~~~75.00~~~~~~~~~~~~~
197~~Clothing Stock - Grace Collection Products Catalogue V28~~~~14MST1048~Northern Polo - Ladies~~~~Apparel | Polo Shirts~~~NO~160gsm, Light weight wearing, Tri-colour polo design, Checker design with mesh knit fabric on each side panel with piping, Ribbed style collar~~~Coolde 100% cool dry polyester~~~ST1048.jpg~~~~White-Red-Navy, White-Red-Black~~~8,10,12,14,16,18,20,22~~~~~NO~~~~~~1 Position~1 Colour~Screen Printing - Large~~~~~25~33.74~50~30.50~100~29.19~250~26.02~~~~~~~~~~~75.00~~~~~~~~~~~~~
198~~Clothing Stock - Grace Collection Products Catalogue V29~~~~14MST1095~Wellband Polo - Unisex ~~~~Apparel | Polo Shirts~~~NO~160gsm, Light weight wearing/ high visibility, Short sleeve safety shirt, Ribbed style collar with twin trim, One pocket on left hand chest, Unisex~~~Coolde 100% cool dry polyester~~~ST1095.jpg~~~~Fluro Yellow-Ink Navy, Fluro Yellow-Bottle, Fluro Orange-Ink Navy~~~XS,S,M,L,XL,2XL,3XL,5XL~~~~~NO~~~~~~1 Position~1 Colour~Screen Printing - Large~~~~~25~26.64~50~23.67~100~22.58~250~19.89~~~~~~~~~~~75.00~~~~~~~~~~~~~
199~~Clothing Stock - Grace Collection Products Catalogue V30~~~~14MST1097~Corbel Polo - Mens ~~~~Apparel | Polo Shirts~~~NO~100% RPET recycled material, Cool dry and moisture wicking, Ribbed style collar, Contrast piping and panel design on front and back of sleeves, Contrast panel and piping design on front body only, 170 gsm~~~100% RPET recycled material~~~ST1097.jpg~~~~Black-Red-Grey, Navy-Red-White, Royal-White-Black, Bottle-White-Gold, Maroon-White-Gold~~~S,M,L,XL,2XL,3XL,5XL~~~~~NO~~~~~~1 Position~1 Colour~Screen Printing - Large~~~~~25~30.28~50~27.17~100~25.97~250~23.03~~~~~~~~~~~75.00~~~~~~~~~~~~~
200~~Clothing Stock - Grace Collection Products Catalogue V31~~~~14MST1097~Corbel Polo - Ladies~~~~Apparel | Polo Shirts~~~NO~100% RPET recycled material, Cool dry and moisture wicking, Ribbed style collar, Contrast piping and panel design on front and back of sleeves, Contrast panel and piping design on front body only, 170 gsm~~~100% RPET recycled material~~~ST1097.jpg~~~~Black-Red-Grey, Navy-Red-White, Royal-White-Black, Bottle-White-Gold, Maroon-White-Gold~~~8,10,12,14,16,18,20,22~~~~~NO~~~~~~1 Position~1 Colour~Screen Printing - Large~~~~~25~29.24~50~26.17~100~25.00~250~22.13~~~~~~~~~~~75.00~~~~~~~~~~~~~
201~~Clothing Stock - Grace Collection Products Catalogue V32~~~~14MST1097~Corbel Polo - Childrens~~~~Apparel | Polo Shirts~~~NO~100% RPET recycled material, Cool dry and moisture wicking, Ribbed style collar, Contrast piping and panel design on front and back of sleeves, Contrast panel and piping design on front body only, 170 gsm~~~100% RPET recycled material~~~ST1097.jpg~~~~Black-Red-Grey, Navy-Red-White, Royal-White-Black, Bottle-White-Gold, Maroon-White-Gold~~~6,8,10,12,14,16~~~~~NO~~~~~~1 Position~1 Colour~Screen Printing - Large~~~~~25~28.89~50~25.83~100~24.68~250~21.83~~~~~~~~~~~75.00~~~~~~~~~~~~~
202~~Clothing Stock - Grace Collection Products Catalogue V33~~~~14MST1100~Baxter Polo - Unisex ~~~~Apparel | Polo Shirts~~~NO~160gsm, Light weight wearing/ high visibility, Long sleeve safety shirt, Ribbed style collar with twin trim, One pocket on left hand chest, Unisex~~~Coolde 100% cool dry polyester~~~ST1100.jpg~~~~Fluro Yellow-Ink Navy, Fluro Yellow-Bottle, Fluro Orange-Ink Navy~~~XS,S,M,L,XL,2XL,3XL,5XL~~~~~NO~~~~~~1 Position~1 Colour~Screen Printing - Large~~~~~25~30.28~50~27.17~100~25.97~250~23.03~~~~~~~~~~~75.00~~~~~~~~~~~~~
203~~Clothing Stock - Grace Collection Products Catalogue V34~~~~14MST1136~Element Polo - Mens ~~~~Apparel | Polo Shirts~~~NO~100% cool dry polyester micro mesh knit~~~160gsm. 100% cool dry polyester micro mesh knit. Same colour panel design. Self-fabric style collar. No button on the placket (Ladies Style). Side Split~~~ST1136.jpg~~~~Black, white, navy ~~~XS,S,M,L,XL,2XL,3XL,5XL~~~~~NO~~~~~~1 Position~1 Colour~Screen Printing - Large~~~~~25~30.97~50~27.83~100~26.61~250~23.62~~~~~~~~~~~75.00~~~~~~~~~~~~~
204~~Clothing Stock - Grace Collection Products Catalogue V35~~~~14MST1136~Element Polo - Ladies~~~~Apparel | Polo Shirts~~~NO~100% cool dry polyester micro mesh knit~~~160gsm. 100% cool dry polyester micro mesh knit. Same colour panel design. Self-fabric style collar. No button on the placket (Ladies Style). Side Split~~~ST1336.jpg~~~~Black, white, navy ~~~8,10,12,14,16,18,20,22~~~~~NO~~~~~~1 Position~1 Colour~Screen Printing - Large~~~~~25~30.10~50~27.00~100~25.81~250~22.88~~~~~~~~~~~75.00~~~~~~~~~~~~~
205~~Clothing Stock - Grace Collection Products Catalogue V36~~~~14MST1141~Ignite Polo - Unisex ~~~~Apparel | Polo Shirts~~~NO~Cool dry cotton back - 60% Cotton / 40% Polyester~~~200gsm. Contrast panel and piping design on sleeve. Self fabric style collar. 3 buttons placket. Side split~~~ST1141.jpg~~~~Black-red-dark grey, black-white-royal, red-white-black, royal-white-black, white-dark grey-black ~~~XS,S,M,L,XL,2XL,3XL,5XL~~~~~NO~~~~~~1 Position~1 Colour~Screen Printing - Large~~~~~25~34.67~50~32.67~100~31.29~250~27.96~~~~~~~~~~~75.00~~~~~~~~~~~~~
206~~Clothing Stock - Grace Collection Products Catalogue V37~~~~14MST1147~Avid Polo - Mens ~~~~Apparel | Polo Shirts~~~NO~ Coolde™ 100% cool dry polyester~~~160gsm. Contrast panel design on sleeve and piping under arm. Contrast ribbed style collar and cuff. 3 buttons placket. Side Split. ~~~ST1147.jpg~~~~Black-white-dark grey, black-white-yellow, black-white-red, navy-white-dark grey, navy-white-hot pink ~~~XS,S,M,L,XL,2XL,3XL,5XL~~~~~NO~~~~~~1 Position~1 Colour~Screen Printing - Large~~~~~25~32.18~50~29.00~100~27.74~250~24.67~~~~~~~~~~~75.00~~~~~~~~~~~~~
207~~Clothing Stock - Grace Collection Products Catalogue V38~~~~14MST1147~Avid Polo - Ladies~~~~Apparel | Polo Shirts~~~NO~ Coolde™ 100% cool dry polyester~~~160gsm. Contrast panel design on sleeve and piping under arm. Contrast ribbed style collar and cuff. 3 buttons placket. Side Split. ~~~ST1147.jpg~~~~Black-white-dark grey, black-white-yellow, black-white-red, navy-white-dark grey, navy-white-hot pink ~~~8,10,12,14,16,18,20,22~~~~~NO~~~~~~1 Position~1 Colour~Screen Printing - Large~~~~~25~31.14~50~28.00~100~26.77~250~23.77~~~~~~~~~~~75.00~~~~~~~~~~~~~
208~~Clothing Stock - Grace Collection Products Catalogue V39~~~~14MST1206~Avalon Polo - Mens~~~~Apparel | Polo Shirts~~~NO~160gsm, 2 contrast stripes on the shoulders, 1 contrast piping on each side, Ribbed style collar, Button finish~~~Coolde 100% cool dry polyester mesh knit~~~ST1206.jpg~~~~Black-White, Black-Aussie Gold, Bottle-Aussie Gold, Navy-White, Navy-Aussie Gold, Red-White, Royal-White, White-Navy~~~XS,S,M,L,XL,2XL,3XL,5XL~~~~~NO~~~~~~1 Position~1 Colour~Screen Printing - Large~~~~~25~29.76~50~26.67~100~25.48~250~22.58~~~~~~~~~~~75.00~~~~~~~~~~~~~
209~~Clothing Stock - Grace Collection Products Catalogue V40~~~~14MST1211~Allegro Polo - Ladies~~~~Apparel | Polo Shirts~~~NO~160gsm, One contrast panel on the sleeve, Contrast side panel on both sides, Ribbed style collar with trim, Button finish~~~Coolde 100% cool dry polyester~~~ST1211.jpg~~~~Yellow-White, Dark Grey-White, Black-Red, White-Navy, Navy-White, Royal-White, Hot Pink-White (Ladies Only)~~~8,10,12,14,16,18,20,22~~~~~NO~~~~~~1 Position~1 Colour~Screen Printing - Large~~~~~25~30.45~50~27.33~100~26.13~250~23.18~~~~~~~~~~~75.00~~~~~~~~~~~~~
210~~Clothing Stock - Grace Collection Products Catalogue V41~~~~14MST1211~Allegro Polo- Mens~~~~Apparel | Polo Shirts~~~NO~160gsm, One contrast panel on the sleeve, Contrast side panel on both sides, Ribbed style collar with trim, Button finish~~~Coolde 100% cool dry polyester~~~ST1211.jpg~~~~Yellow-White, Dark Grey-White, Black-Red, White-Navy, Navy-White, Royal-White, Hot Pink-White (Ladies Only)~~~XS,S,M,L,XL,2XL,3XL,5XL~~~~~NO~~~~~~1 Position~1 Colour~Screen Printing - Large~~~~~25~29.41~50~26.33~100~25.16~250~22.28~~~~~~~~~~~75.00~~~~~~~~~~~~~
211~~Clothing Stock - Grace Collection Products Catalogue V42~~~~14MST1220~Fairlady Polo - Ladies~~~~Apparel | Polo Shirts~~~NO~160gsm, Fabric with 5 special treatments, Two contrast stripes and panel on the shoulders, Contrast piping on each side, Ribbed style collar with double contrast trim, Button finish~~~Coolde 100% cool dry polyester mesh knit~~~ST1220.jpg~~~~White-Navy, Navy-White, Black-White, Royal-Aussie Gold, Dark Grey-Navy~~~8,10,12,14,16,18,20,22~~~~~NO~~~~~~1 Position~1 Colour~Screen Printing - Large~~~~~25~34.25~50~31.00~100~29.68~250~26.47~~~~~~~~~~~75.00~~~~~~~~~~~~~
212~~Clothing Stock - Grace Collection Products Catalogue V43~~~~14MST1222~Brentwell Polo - Unisex~~~~Apparel | Polo Shirts~~~NO~Ribbed style collar, Single colour design, Button finish~~~Pique Knit - 65% Polyester/35% Cotton~~~ST1222.jpg~~~~Black, Red, Aussie Gold, Stone, Navy, Sky, Marble, Apple Green, Bottle, Orange, White, Dark Maroon, Royal, Pink~~~XS,S,M,L,XL,2XL,3XL,5XL~~~~~NO~~~~~~1 Position~1 Colour~Screen Printing - Large~~~~~25~26.47~50~23.50~100~22.42~250~19.74~~~~~~~~~~~75.00~~~~~~~~~~~~~
213~~Clothing Stock - Grace Collection Products Catalogue V44~~~~14MST1222~Brentwell Polo - Childrens~~~~Apparel | Polo Shirts~~~NO~Ribbed style collar, Single colour design, Button finish~~~Pique Knit - 65% Polyester/35% Cotton~~~ST1222.jpg~~~~Black, Red, Aussie Gold, Stone, Navy, Sky, Marble, Apple Green, Bottle, Orange, White, Dark Maroon, Royal, Pink~~~6,8,10,12,14,16~~~~~NO~~~~~~1 Position~1 Colour~Screen Printing - Large~~~~~25~25.26~50~22.33~100~21.29~250~18.69~~~~~~~~~~~75.00~~~~~~~~~~~~~
214~~Clothing Stock - Grace Collection Products Catalogue V45~~~~14MST1225~Portland Polo - Mens ~~~~Apparel | Polo Shirts~~~NO~160gsm, Fabric with 5 special treatments, Two contrast stripes and panel on the shoulders, Contrast piping on each side, Ribbed style collar with double contrast trim, Button finish~~~Coolde 100% cool dry polyester mesh knit~~~ST1225_ST1220.jpg~~~~White-Navy, Navy-White, Black-White, Royal-Aussie Gold, Dark Grey-Navy~~~XS,S,M,L,XL,2XL,3XL,5XL~~~~~NO~~~~~~1 Position~1 Colour~Screen Printing - Large~~~~~25~34.83~50~32.83~100~31.45~250~28.11~~~~~~~~~~~75.00~~~~~~~~~~~~~
215~~Clothing Stock - Grace Collection Products Catalogue V46~~~~14MST1232~Attune Polo - Unisex~~~~Apparel | Polo Shirts~~~NO~Coolde? 100% cool dry polyester mesh knit, Contrast double trim and panel design on both shoulders, Contrast ¡§V¡¨ front placket, Ribbed style collar, 160 gsm~~~Coolde 100% cool dry polyester mesh knit~~~ST1232.jpg~~~~White-Navy, Black-Red, Black-Gold, Navy-Sky, Navy-White, Royal-White~~~S,M,L,XL,2XL,3XL,5XL~~~~~NO~~~~~~1 Position~1 Colour~Screen Printing - Large~~~~~25~27.51~50~24.50~100~23.39~250~20.63~~~~~~~~~~~75.00~~~~~~~~~~~~~
216~~Clothing Stock - Grace Collection Products Catalogue V47~~~~14MST1238~Crescent Polo - Mens ~~~~Apparel | Polo Shirts~~~NO~Coolde? 100% cool dry polyester mesh knit, Contrast panel and piping design on both shoulders and sleeves, Ribbed style collar, 160 gsm~~~Coolde 100% cool dry polyester mesh knit~~~ST1238.jpg~~~~Navy-White-Gold, Black-White-Red, Black-White-Orange, Royal-White-Black, Navy-White-Sky, White-Grey-Black, Red-White-Black~~~S,M,L,XL,2XL,3XL,5XL~~~~~NO~~~~~~1 Position~1 Colour~Screen Printing - Large~~~~~25~30.97~50~27.83~100~26.61~250~23.62~~~~~~~~~~~75.00~~~~~~~~~~~~~
217~~Clothing Stock - Grace Collection Products Catalogue V48~~~~14MST1238~Crescent Polo - Ladies ~~~~Apparel | Polo Shirts~~~NO~Coolde? 100% cool dry polyester mesh knit, Contrast panel and piping design on both shoulders and sleeves, Ribbed style collar, 160 gsm~~~Coolde 100% cool dry polyester mesh knit~~~ST1238.jpg~~~~Navy-White-Gold, Black-White-Red, Black-White-Orange, Royal-White-Black, Navy-White-Sky, White-Grey-Black, Red-White-Black~~~8,10,12,14,16,18,20,22~~~~~NO~~~~~~1 Position~1 Colour~Screen Printing - Large~~~~~25~30.10~50~27.00~100~25.81~250~22.88~~~~~~~~~~~75.00~~~~~~~~~~~~~
218~~Clothing Stock - Grace Collection Products Catalogue V49~~~~14MST1239~Pitstop Polo - Unisex ~~~~Apparel | Polo Shirts~~~NO~Coolde? 100% cool dry polyester mesh knit, Sublimation checker design on both shoulders, Contrast piping on placket, Contrast ribbed style collar and cuff, 160 gsm~~~Coolde 100% cool dry polyester mesh knit~~~ST1239.jpg~~~~Dark grey-Black, Black-White, Black-Red, White-Black ~~~S,M,L,XL,2XL,3XL,5XL~~~~~NO~~~~~~1 Position~1 Colour~Screen Printing - Large~~~~~25~32.01~50~28.83~100~27.58~250~24.52~~~~~~~~~~~75.00~~~~~~~~~~~~~
219~~Clothing Stock - Grace Collection Products Catalogue V50~~~~14MST1240~Mossman Polo - Mens~~~~Apparel | Polo Shirts~~~NO~160gsm, Contrast side panel on both sides, A single contrast wide panel at the back, Self fabric collar, Button finish~~~Coolde 100% cool dry polyester~~~ST1240.jpg / ST1240_2.jpg~~~~Red-Royal, White-Black, Navy-White, Black-Aussie Gold~~~S,M,L,XL,2XL,3XL,5XL~~~~~NO~~~~~~1 Position~1 Colour~Screen Printing - Large~~~~~25~30.97~50~27.83~100~26.61~250~23.62~~~~~~~~~~~75.00~~~~~~~~~~~~~
220~~Clothing Stock - Grace Collection Products Catalogue V51~~~~14MST1240~Mossman Polo - Ladies~~~~Apparel | Polo Shirts~~~NO~160gsm, Contrast side panel on both sides, A single contrast wide panel at the back, Self fabric collar, Button finish~~~Coolde 100% cool dry polyester~~~ST1240.jpg / ST1240_2.jpg~~~~Red-Royal, White-Black, Navy-White, Black-Aussie Gold~~~8,10,12,14,16,18,20,22~~~~~NO~~~~~~1 Position~1 Colour~Screen Printing - Large~~~~~25~30.10~50~27.00~100~25.81~250~22.88~~~~~~~~~~~75.00~~~~~~~~~~~~~
221~~Clothing Stock - Grace Collection Products Catalogue V52~~~~14MST1242~Meribel Polo - Ladies~~~~Apparel | Polo Shirts~~~NO~Coolde? 100% cool dry polyester mesh knit, Contrast double trim and piping design on both sleeves, Contrast ¡§V¡¨ front placket, Ribbed style collar, 160 gsm~~~Coolde 100% cool dry polyester mesh knit~~~ST1242.jpg~~~~Black-Hot Pink, White-Black~~~8,10,12,14,16,18,20,22~~~~~NO~~~~~~1 Position~1 Colour~Screen Printing - Large~~~~~25~26.47~50~23.50~100~22.42~250~19.74~~~~~~~~~~~75.00~~~~~~~~~~~~~
222~~Clothing Stock - Grace Collection Products Catalogue V53~~~~14MST1243~Incline Polo - Unisex ~~~~Apparel | Polo Shirts~~~NO~Cool dry double pique knit ¡V 60% Cotton / 40% Polyester, 210 gsm, Contrast panel design in Coolde? 100% polyester mesh knit, Contrast ribbed style collar~~~Cool dry double pique knit - 60% Cotton / 40% Polyester~~~ST1243.jpg~~~~Dark Grey-Black, Navy-White, Black-Red, Royal-White, Sky-Navy~~~S,M,L,XL,2XL,3XL,5XL~~~~~NO~~~~~~1 Position~1 Colour~Screen Printing - Large~~~~~25~32.18~50~29.00~100~27.74~250~24.67~~~~~~~~~~~75.00~~~~~~~~~~~~~
223~~Clothing Stock - Grace Collection Products Catalogue V54~~~~14MST1248~Verve Polo - Mens ~~~~Apparel | Polo Shirts~~~NO~Pique Knit - 65% Polyester / 35% Cotton, Polymesh white panel on both sides, Contrast panel design under arm, Ribbed style collar, 210 gsm~~~Pique Knit - 65% Polyester / 35% Cotton~~~ST1248.jpg~~~~Black-White-Dark Grey, Black-White-Red, Bottle White-Gold, Navy-White-Red, Red-White-Grey, Black-White-Aqua~~~S,M,L,XL,2XL,3XL,5XL~~~~~NO~~~~~~1 Position~1 Colour~Screen Printing - Large~~~~~25~29.93~50~26.83~100~25.65~250~22.73~~~~~~~~~~~75.00~~~~~~~~~~~~~
224~~Clothing Stock - Grace Collection Products Catalogue V55~~~~14MST1248~Verve Polo - Ladies ~~~~Apparel | Polo Shirts~~~NO~Pique Knit - 65% Polyester / 35% Cotton, Polymesh white panel on both sides, Contrast panel design under arm, Ribbed style collar, 210 gsm~~~Pique Knit - 65% Polyester / 35% Cotton~~~ST1248.jpg~~~~Black-White-Dark Grey, Black-White-Red, Bottle White-Gold, Navy-White-Red, Red-White-Grey, Black-White-Aqua~~~8,10,12,14,16,18,20,22~~~~~NO~~~~~~1 Position~1 Colour~Screen Printing - Large~~~~~25~28.89~50~25.83~100~24.68~250~21.83~~~~~~~~~~~75.00~~~~~~~~~~~~~
225~~Clothing Stock - Grace Collection Products Catalogue V56~~~~14MST1250~Avanti Polo - Mens ~~~~Apparel | Polo Shirts~~~NO~160gsm, Tri-colour design collar and cuff, Button finish~~~Coolde 100% cool dry polyester mesh knit~~~ST1250.jpg~~~~White-Navy-Red, Navy-Red-White, Red-Black-White, Sky-Navy-White, Royal-Black-White, Black-Aussie Gold-White~~~S,M,L,XL,2XL,3XL,5XL~~~~~NO~~~~~~1 Position~1 Colour~Screen Printing - Large~~~~~25~28.03~50~25.00~100~23.87~250~21.08~~~~~~~~~~~75.00~~~~~~~~~~~~~
226~~Clothing Stock - Grace Collection Products Catalogue V57~~~~14MST1252~Greenwich Polo - Mens ~~~~Apparel | Polo Shirts~~~NO~100% Cotton, Double pique knit, Single colour design, Ribbed style collar and cuff, 220 gsm~~~100% Cotton, Double pique knit~~~ST1252.jpg~~~~Black, Navy, White, Hot Pink (Ladies Only)~~~S,M,L,XL,2XL,3XL,5XL~~~~~NO~~~~~~1 Position~1 Colour~Screen Printing - Large~~~~~25~32.18~50~29.00~100~27.74~250~24.67~~~~~~~~~~~75.00~~~~~~~~~~~~~
227~~Clothing Stock - Grace Collection Products Catalogue V58~~~~14MST1252~Greenwich Polo - Ladies ~~~~Apparel | Polo Shirts~~~NO~100% Cotton, Double pique knit, Single colour design, Ribbed style collar and cuff, 220 gsm~~~100% Cotton, Double pique knit~~~ST1252.jpg~~~~Black, Navy, White, Hot Pink (Ladies Only)~~~8,10,12,14,16,18,20,22~~~~~NO~~~~~~1 Position~1 Colour~Screen Printing - Large~~~~~25~31.14~50~28.00~100~26.77~250~23.77~~~~~~~~~~~75.00~~~~~~~~~~~~~
228~~Clothing Stock - Grace Collection Products Catalogue V59~~~~14MST1255~Sheridan Polo - Ladies ~~~~Apparel | Polo Shirts~~~NO~"160gsm, Tri-colour design collar and cuff, Contrast ""V"" front placket"~~~Coolde 100% cool dry polyester mesh knit~~~ST1255_ST1250.jpg~~~~White-Navy-Red, Navy-Red-White, Red-Black-White, Sky-Navy-White, Royal-Black-White, Black-Aussie Gold-White~~~8,10,12,14,16,18,20,22~~~~~NO~~~~~~1 Position~1 Colour~Screen Printing - Large~~~~~25~27.16~50~24.17~100~23.06~250~20.33~~~~~~~~~~~75.00~~~~~~~~~~~~~
229~~Clothing Stock - Grace Collection Products Catalogue V60~~~~14MST1257~Driftwood Polo - Mens~~~~Apparel | Polo Shirts~~~NO~Coolde? 100% cool dry polyester mesh knit, Contrast panel design on both sides, Ribbed style collar, 160 gsm~~~Coolde 100% cool dry polyester mesh knit~~~ST1257.jpg~~~~Black-White-Dark Grey, Red-Black-White, Navy-White-Red, Royal-White-Black~~~S,M,L,XL,2XL,3XL,5XL~~~~~NO~~~~~~1 Position~1 Colour~Screen Printing - Large~~~~~25~30.28~50~27.17~100~25.97~250~23.03~~~~~~~~~~~75.00~~~~~~~~~~~~~
230~~Clothing Stock - Grace Collection Products Catalogue V61~~~~14MST1257~Driftwood Polo - Ladies ~~~~Apparel | Polo Shirts~~~NO~Coolde? 100% cool dry polyester mesh knit, Contrast panel design on both sides, Ribbed style collar, 160 gsm~~~Coolde 100% cool dry polyester mesh knit~~~ST1257.jpg~~~~Black-White-Dark Grey, Red-Black-White, Navy-White-Red, Royal-White-Black~~~8,10,12,14,16,18,20,22~~~~~NO~~~~~~1 Position~1 Colour~Screen Printing - Large~~~~~25~29.24~50~26.17~100~25.00~250~22.13~~~~~~~~~~~75.00~~~~~~~~~~~~~
231~~Clothing Stock - Grace Collection Products Catalogue V62~~~~14MST1259~Stride Polo - Unisex ~~~~Apparel | Polo Shirts~~~NO~Cool dry double pique knit ¡V 60% Cotton / 40% Polyester, Contrast panel trim design on both shoulders and sleeves, Contrast placket, Ribbed style collar, 210 gsm~~~Cool dry double pique knit - 60% Cotton / 40% Polyester~~~ST1259.jpg~~~~Black-Red, Navy-White, Royal-White, Red-White, White-Navy, Sky-Navy~~~S,M,L,XL,2XL,3XL,5XL~~~~~NO~~~~~~1 Position~1 Colour~Screen Printing - Large~~~~~25~32.18~50~29.00~100~27.74~250~24.67~~~~~~~~~~~75.00~~~~~~~~~~~~~
232~~Clothing Stock - Grace Collection Products Catalogue V63~~~~14MST1260~Tempo Polo - Mens ~~~~Apparel | Polo Shirts~~~NO~160gsm, Contrast stripes and panel design from the shoulders to the waist, Ribbed style collar, Button finish~~~Coolde 100% cool dry polyester mesh knit~~~ST1260.jpg~~~~Sky-Navy-White, Navy-White-Navy, Dark Grey-White-Navy, Black-White-Red, Black-Red-Black~~~S,M,L,XL,2XL,3XL,5XL~~~~~NO~~~~~~1 Position~1 Colour~Screen Printing - Large~~~~~25~32.18~50~29.00~100~27.74~250~24.67~~~~~~~~~~~75.00~~~~~~~~~~~~~
233~~Clothing Stock - Grace Collection Products Catalogue V64~~~~14MST1260~Tempo Polo - Ladies ~~~~Apparel | Polo Shirts~~~NO~160gsm, Contrast stripes and panel design from the shoulders to the waist, Ribbed style collar, Button finish~~~Coolde 100% cool dry polyester mesh knit~~~ST1260.jpg~~~~Sky-Navy-White, Navy-White-Navy, Dark Grey-White-Navy, Black-White-Red, Black-Red-Black~~~8,10,12,14,16,18,20,22~~~~~NO~~~~~~1 Position~1 Colour~Screen Printing - Large~~~~~25~31.14~50~28.00~100~26.77~250~23.77~~~~~~~~~~~75.00~~~~~~~~~~~~~
234~~Clothing Stock - Grace Collection Products Catalogue V65~~~~14MST1260~Tempo Polo - Childrens~~~~Apparel | Polo Shirts~~~NO~160gsm, Contrast stripes and panel design from the shoulders to the waist, Ribbed style collar, Button finish~~~Coolde 100% cool dry polyester mesh knit~~~ST1260.jpg~~~~Sky-Navy-White, Navy-White-Navy, Dark Grey-White-Navy, Black-White-Red, Black-Red-Black~~~6,8,10,12,14,16~~~~~NO~~~~~~1 Position~1 Colour~Screen Printing - Large~~~~~25~31.14~50~28.00~100~26.77~250~23.77~~~~~~~~~~~75.00~~~~~~~~~~~~~
235~~Clothing Stock - Grace Collection Products Catalogue V66~~~~14MST1261~Forte Polo - Mens ~~~~Apparel | Polo Shirts~~~NO~160gsm, Contrast side panel with mesh knit fabric on both front & back sides, Ribbed style collar, Button finish~~~Coolde 100% cool dry polyester~~~ST1261.jpg~~~~Maroon-White, Red-White, Black-Red, Navy-Sky~~~S,M,L,XL,2XL,3XL,5XL~~~~~NO~~~~~~1 Position~1 Colour~Screen Printing - Large~~~~~25~30.28~50~27.17~100~25.97~250~23.03~~~~~~~~~~~75.00~~~~~~~~~~~~~
236~~Clothing Stock - Grace Collection Products Catalogue V67~~~~14MST1261~Forte Polo - Ladies ~~~~Apparel | Polo Shirts~~~NO~160gsm, Contrast side panel with mesh knit fabric on both front & back sides, Ribbed style collar, Button finish~~~Coolde 100% cool dry polyester~~~ST1261.jpg~~~~Maroon-White, Red-White, Black-Red, Navy-Sky~~~8,10,12,14,16,18,20,22~~~~~NO~~~~~~1 Position~1 Colour~Screen Printing - Large~~~~~25~29.24~50~26.17~100~25.00~250~22.13~~~~~~~~~~~75.00~~~~~~~~~~~~~
237~~Clothing Stock - Grace Collection Products Catalogue V68~~~~14MST1270~Westbury Polo - Mens ~~~~Apparel | Polo Shirts~~~NO~160gsm, Contrast panel and piping design, Ribbed style collar, Button finish, Unisex~~~Pique Knit - 65% Polyester/35% Cotton~~~ST1270.jpg~~~~White-Navy, Black-Red, Navy-White, Bottle-Aussie Gold~~~S,M,L,XL,2XL,3XL,5XL~~~~~NO~~~~~~1 Position~1 Colour~Screen Printing - Large~~~~~25~34.25~50~31.00~100~29.68~250~26.47~~~~~~~~~~~75.00~~~~~~~~~~~~~
238~~Clothing Stock - Grace Collection Products Catalogue V69~~~~14MST1270~Westbury Polo - Ladies ~~~~Apparel | Polo Shirts~~~NO~160gsm, Contrast panel and piping design, Ribbed style collar, Button finish, Unisex~~~Pique Knit - 65% Polyester/35% Cotton~~~ST1270.jpg~~~~White-Navy, Black-Red, Navy-White, Bottle-Aussie Gold~~~8,10,12,14,16,18,20,22~~~~~NO~~~~~~1 Position~1 Colour~Screen Printing - Large~~~~~25~33.56~50~30.33~100~29.03~250~25.87~~~~~~~~~~~75.00~~~~~~~~~~~~~
239~~Clothing Stock - Grace Collection Products Catalogue V70~~~~14MST1271~Cascade Polo - Mens ~~~~Apparel | Polo Shirts~~~NO~190gsm, Tone on tone stripe design, Ribbed style collar, Side split, Unisex~~~100% cool dry polyester~~~ST1271.jpg~~~~Black, Navy, White~~~S,M,L,XL,2XL,3XL~~~~~NO~~~~~~1 Position~1 Colour~Screen Printing - Large~~~~~25~34.67~50~32.67~100~31.29~250~27.96~~~~~~~~~~~75.00~~~~~~~~~~~~~
240~~Clothing Stock - Grace Collection Products Catalogue V71~~~~14MST1272~Vauxhall Polo - Mens ~~~~Apparel | Polo Shirts~~~NO~185gsm, Tone on tone triple knit design, Ribbed style collar, Side split, Unisex~~~64% cotton and 36% polyester~~~ST1272.jpg~~~~Black, White~~~S,M,L,XL,2XL,3XL~~~~~NO~~~~~~1 Position~1 Colour~Screen Printing - Large~~~~~25~34.67~50~32.67~100~31.29~250~27.96~~~~~~~~~~~75.00~~~~~~~~~~~~~
241~~Clothing Stock - Grace Collection Products Catalogue V72~~~~14MST1275~Gambit Polo - Mens ~~~~Apparel | Polo Shirts~~~NO~190gsm, Ribbed style collar, Unisex~~~Coolde 100% cool dry polyester waffle knit~~~ST1275.jpg~~~~White, Navy, Grey, Black~~~S,M,L,XL,2XL,3XL~~~~~NO~~~~~~1 Position~1 Colour~Screen Printing - Large~~~~~25~34.67~50~32.67~100~31.29~250~27.96~~~~~~~~~~~75.00~~~~~~~~~~~~~
242~~Clothing Stock - Grace Collection Products Catalogue V73~~~~14MST1280~Milstead Polo - Mens ~~~~Apparel | Polo Shirts~~~NO~170gsm, Cool dry and moisture wicking, Contrast panel design on the shoulders, Ribbed style collar with double contrast trim, Button finish with contrast piping on placket, Unisex~~~100% RPET recycled material~~~ST1280.jpg~~~~White-Black, Royal-White, Black-Red, Dark Grey-Black, Navy-White, Navy-Aussie Gold, Bottle-Auessie Gold, Sky-Navy~~~S,M,L,XL,2XL,3XL,5XL~~~~~NO~~~~~~1 Position~1 Colour~Screen Printing - Large~~~~~25~34.33~50~32.33~100~30.97~250~27.66~~~~~~~~~~~75.00~~~~~~~~~~~~~
243~~Clothing Stock - Grace Collection Products Catalogue V74~~~~14MST1290~Brampton Polo - Mens ~~~~Apparel | Polo Shirts~~~NO~210gsm, Long sleeve with button up placket, Ribbed style collar with contrast trim, Ribbed cuff~~~65% polyester/35% cotton - Pique Knit~~~ST1290.jpg~~~~White-Navy, Red-White, Black-White, Navy-White~~~S,M,L,XL,2XL,3XL,5XL~~~~~NO~~~~~~1 Position~1 Colour~Screen Printing - Large~~~~~25~33.83~50~31.83~100~30.48~250~27.21~~~~~~~~~~~75.00~~~~~~~~~~~~~
244~~Clothing Stock - Grace Collection Products Catalogue V75~~~~14MST1290~Brampton Polo - Ladies ~~~~Apparel | Polo Shirts~~~NO~210gsm, Long sleeve with button up placket, Ribbed style collar with contrast trim, Ribbed cuff~~~65% polyester/35% cotton - Pique Knit~~~ST1290.jpg~~~~White-Navy, Red-White, Black-White, Navy-White~~~8,10,12,14,16,18,20,22~~~~~NO~~~~~~1 Position~1 Colour~Screen Printing - Large~~~~~25~34.25~50~31.00~100~29.68~250~26.47~~~~~~~~~~~75.00~~~~~~~~~~~~~
245~~Clothing Stock - Grace Collection Products Catalogue V76~~~~14MST1333~Centaur Polo - Mens ~~~~Apparel | Polo Shirts~~~NO~160gsm. Contrast piping design on sleeve and body. Contrast ribbed style collar and cuff. 3 buttons placket. Side Split~~~Coolde 100% cool dry polyester mesh knit~~~ST1333.jpg~~~~Black-red, black-apple green, bottle-gold, navy-white ~~~S,M,L,XL,2XL,3XL,5XL~~~~~NO~~~~~~1 Position~1 Colour~Screen Printing - Large~~~~~25~30.28~50~27.17~100~25.97~250~23.03~~~~~~~~~~~75.00~~~~~~~~~~~~~
246~~Clothing Stock - Grace Collection Products Catalogue V77~~~~14MST1333~Centaur Polo - Ladies ~~~~Apparel | Polo Shirts~~~NO~160gsm. Contrast piping design on sleeve and body. Contrast ribbed style collar and cuff. 3 buttons placket. Side Split~~~Coolde 100% cool dry polyester mesh knit~~~ST1333.jpg~~~~Black-red, black-apple green, bottle-gold, navy-white ~~~8,10,12,14,16,18,20,22~~~~~NO~~~~~~1 Position~1 Colour~Screen Printing - Large~~~~~25~29.41~50~26.33~100~25.16~250~22.28~~~~~~~~~~~75.00~~~~~~~~~~~~~
247~~Clothing Stock - Grace Collection Products Catalogue V78~~~~14MST1460~Eastwood Tshirt- Unisex White ~~~~Apparel | T-Shirts~~~NO~190gsm, Single colour design, Crew neck collar, Short sleeve T-shirt, Unisex~~~100% cotton~~~ST1460.jpg~~~~White ~~~S,M,L,XL,2XL,3XL,5XL~~~~~NO~~~~~~1 Position~1 Colour~Screen Printing - Large~~~~~25~19.03~50~16.95~100~16.00~250~14.35~~~~~~~~~~~75.00~~~~~~~~~~~~~
248~~Clothing Stock - Grace Collection Products Catalogue V79~~~~14MST1460~Eastwood Tshirt - Unisex Colours ~~~~Apparel | T-Shirts~~~NO~190gsm, Single colour design, Crew neck collar, Short sleeve T-shirt, Unisex~~~100% cotton~~~ST1460.jpg~~~~Purple, Pink, Bottle, Stone, Orange, Navy, Aque, Brown, Lime, Marble, Maroon, Yellow, Royal, Sky, Red, White, Black~~~S,M,L,XL,2XL,3XL,5XL~~~~~NO~~~~~~1 Position~1 Colour~Screen Printing - Large~~~~~25~19.90~50~17.17~100~16.29~250~15.16~~~~~~~~~~~75.00~~~~~~~~~~~~~
249~~Clothing Stock - Grace Collection Products Catalogue V80~~~~14MST1460~Eastwood Tshirt - Childrens White ~~~~Apparel | T-Shirts~~~NO~190gsm, Single colour design, Crew neck collar, Short sleeve T-shirt, Unisex~~~100% cotton~~~ST1460.jpg~~~~White~~~6,8,10,12,14,16~~~~~NO~~~~~~1 Position~1 Colour~Screen Printing - Large~~~~~25~18.17~50~16.09~100~15.17~250~13.55~~~~~~~~~~~75.00~~~~~~~~~~~~~
250~~Clothing Stock - Grace Collection Products Catalogue V81~~~~14MST1460~Eastwood Tshirt - Childrens Colours ~~~~Apparel | T-Shirts~~~NO~190gsm, Single colour design, Crew neck collar, Short sleeve T-shirt, Unisex~~~100% cotton~~~ST1460.jpg~~~~Purple, Pink, Bottle, Stone, Orange, Navy, Aque, Brown, Lime, Marble, Maroon, Yellow, Royal, Sky, Red, White, Black~~~6,8,10,12,14,16~~~~~NO~~~~~~1 Position~1 Colour~Screen Printing - Large~~~~~25~18.86~50~16.78~100~15.83~250~14.19~~~~~~~~~~~75.00~~~~~~~~~~~~~
251~~Clothing Stock - Grace Collection Products Catalogue V82~~~~14MST1471~Amber Tshirt - Womens ~~~~Apparel | T-Shirts~~~NO~180gsm, Ladies fitted style short sleeve, Crew neck collar~~~95% cotton and 5% elastane~~~ST1471.jpg~~~~Red, Black, Hot Pink, White~~~8,10,12,14,16,18~~~~~NO~~~~~~1 Position~1 Colour~Screen Printing - Large~~~~~25~22.84~50~20.00~100~19.03~250~16.60~~~~~~~~~~~75.00~~~~~~~~~~~~~
252~~Clothing Stock - Grace Collection Products Catalogue V83~~~~14MST1481~Onyx Tshirt - Ladies ~~~~Apparel | T-Shirts~~~NO~"180gsm, Ladies fitted style short sleeve, ""V"" neck style"~~~95% Cotton and 5% elastane~~~ST1481.jpg~~~~ Black, Red, White, Hot Pink~~~8,10,12,14,16,18~~~~~NO~~~~~~1 Position~1 Colour~Screen Printing - Large~~~~~25~22.84~50~20.00~100~19.03~250~16.60~~~~~~~~~~~75.00~~~~~~~~~~~~~
253~~Clothing Stock - Grace Collection Products Catalogue V84~~~~14MST1485~Ashton Tshirt - Mens ~~~~Apparel | T-Shirts~~~NO~180gsm, Fitted style short sleeve, Unisex design~~~95% Cotton and 5% elastane~~~ST1485.jpg~~~~Black, White, Navy~~~S,M,L,XL,2XL~~~~~NO~~~~~~1 Position~1 Colour~Screen Printing - Large~~~~~25~27.33~50~24.33~100~23.23~250~20.48~~~~~~~~~~~75.00~~~~~~~~~~~~~
254~~Clothing Stock - Grace Collection Products Catalogue V85~~~~14MST1510~Bentley Tshirt - Unisex ~~~~Apparel | T-Shirts~~~NO~190gsm, Long sleeve T-shirt, Crew neck collar, Ribbed cuff, Unisex design~~~100% cotton~~~ST1510.jpg~~~~Marble, Navy, Black, White~~~S,M,L,XL,2XL,3XL,5XL~~~~~NO~~~~~~1 Position~1 Colour~Screen Printing - Large~~~~~25~27.85~50~24.83~100~23.71~250~20.93~~~~~~~~~~~75.00~~~~~~~~~~~~~
255~~Clothing Stock - Grace Collection Products Catalogue V86~~~~14MSTB1010~Geneva Business Shirt - Mens ~~~~Apparel | Shirts~~~NO~Left chest pocket and long sleeve cuff, Self-fabric collar~~~45% polyester and 55% cotton~~~STB1010_1011.jpg~~~~White, Blck, Charcoal, Blue~~~S,M,L,XL,2XL,3XL,5XL~~~~~NO~~~~~~1 Position~1 Colour~Screen Printing - Large~~~~~25~36.83~50~33.71~100~33.39~250~27.78~~~~~~~~~~~75.00~~~~~~~~~~~~~
256~~Clothing Stock - Grace Collection Products Catalogue V87~~~~14MSTB1011~Dahlia Business Shirt - Ladies ~~~~Apparel | Shirts~~~NO~3/4 sleeve cuff, Self-fabric collar~~~45% polyester and 55% cotton~~~STB1010_1011.jpg~~~~White, Blck, Charcoal, Blue~~~8,10,12,14,16,18,20,22~~~~~NO~~~~~~1 Position~1 Colour~Screen Printing - Large~~~~~25~35.00~50~33.00~100~31.61~250~28.26~~~~~~~~~~~75.00~~~~~~~~~~~~~
257~~Clothing Stock - Grace Collection Products Catalogue V88~~~~14MSTB1025~Bellevue Buisness Shirt - Mens~~~~Apparel | Shirts~~~NO~Left chest pocket, Long sleeve cuff, Self-fabric collar~~~65% polyester and 35% cotton~~~STB1025_1026.jpg~~~~Sky, Black, Royal, White~~~S,M,L,XL,2XL,3XL,5XL~~~~~NO~~~~~~1 Position~1 Colour~Screen Printing - Large~~~~~25~35.67~50~32.58~100~32.26~250~28.86~~~~~~~~~~~75.00~~~~~~~~~~~~~
258~~Clothing Stock - Grace Collection Products Catalogue V89~~~~14MSTB1026~Somerset Business - Ladies ~~~~Apparel | Shirts~~~NO~Ladies fitted style with side split, 3/4 sleeve cuff, Self-fabric collar~~~65% polyester and 35% cotton~~~STB1025_1026.jpg~~~~Sky, Black, Royal, White~~~8,10,12,14,16,18,20,22~~~~~NO~~~~~~1 Position~1 Colour~Screen Printing - Large~~~~~25~35.00~50~33.00~100~31.61~250~28.26~~~~~~~~~~~75.00~~~~~~~~~~~~~
259~~Clothing Stock - Grace Collection Products Catalogue V90~~~~14MSTB1030~Balmain Business Shirt - Mens~~~~Apparel | Shirts~~~NO~Left chest pocket, Long sleeve cuff, Self-fabric collar, Available in Chambray blue only~~~65% polyester and 35% cotton~~~STB1030_1031.jpg~~~~Chambray Blue~~~S,M,L,XL,2XL,3XL,5XL~~~~~NO~~~~~~1 Position~1 Colour~Screen Printing - Large~~~~~25~34.08~50~30.83~100~29.52~250~26.32~~~~~~~~~~~75.00~~~~~~~~~~~~~
260~~Clothing Stock - Grace Collection Products Catalogue V91~~~~14MSTB1031~Lancaster Business Shirt- Ladies ~~~~Apparel | Shirts~~~NO~Ladies fitted style with side split, Left chest pocket and long sleeve cuff, Self-fabric collar, Available in Chambray blue only~~~65% polyester and 35% cotton~~~STB1030_1031.jpg~~~~Chambray Blue~~~8,10,12,14,16,18,20,22~~~~~NO~~~~~~1 Position~1 Colour~Screen Printing - Large~~~~~25~33.04~50~29.83~100~28.55~250~25.42~~~~~~~~~~~75.00~~~~~~~~~~~~~
261~~Clothing Stock - Grace Collection Products Catalogue V92~~~~14MSTB1035~Oakwood Business Shirt - Mens ~~~~Apparel | Shirts~~~NO~Left chest pocket, Short sleeve, Self-fabric collar, Available in Chambray blue only~~~65% polyester and 35% cotton~~~STB1035_1036.jpg~~~~Chambray Blue~~~S,M,L,XL,2XL,3XL,5XL~~~~~NO~~~~~~1 Position~1 Colour~Screen Printing - Large~~~~~25~32.87~50~29.67~100~28.39~250~25.27~~~~~~~~~~~75.00~~~~~~~~~~~~~
262~~Clothing Stock - Grace Collection Products Catalogue V93~~~~14MSTB1036~Maddiston Business Shirt- Ladies ~~~~Apparel | Shirts~~~NO~Ladies fitted style with side split, Left chest pocket, Short sleeve, Self-fabric collar, Available in Chambray blue only~~~65% polyester and 35% cotton~~~STB1035_1036.jpg~~~~Chambray Blue~~~8,10,12,14,16,18,20,22~~~~~NO~~~~~~1 Position~1 Colour~Screen Printing - Large~~~~~25~32.18~50~29.00~100~27.74~250~24.67~~~~~~~~~~~75.00~~~~~~~~~~~~~
263~~Clothing Stock - Grace Collection Products Catalogue V94~~~~14MSTB1040~Earlstone Business Shirt - Mens ~~~~Apparel | Shirts~~~NO~Left chest pocket, Pin-stripe design, Long sleeve cuff, Self-fabric collar~~~65% polyester and 35% cotton~~~STB1040_1041.jpg~~~~White-Navy, White-Red, White-Royal, White-Sky~~~S,M,L,XL,2XL,3XL,5XL~~~~~NO~~~~~~1 Position~1 Colour~Screen Printing - Large~~~~~25~38.17~50~35.00~100~34.68~250~28.89~~~~~~~~~~~75.00~~~~~~~~~~~~~
264~~Clothing Stock - Grace Collection Products Catalogue V95~~~~14MSTB1041~Ashwell Business Shirt- Ladies ~~~~Apparel | Shirts~~~NO~Ladies fitted style with side split, Pin-stripe design, 3/4 sleeve cuff, Self-fabric collar~~~65% polyester and 35% cotton~~~STB1040_1041.jpg~~~~White-Navy, Whtie-Red, White-Royal, White-Sky~~~8,10,12,14,16,18,20,22~~~~~NO~~~~~~1 Position~1 Colour~Screen Printing - Large~~~~~25~37.17~50~34.03~100~33.71~250~28.06~~~~~~~~~~~75.00~~~~~~~~~~~~~
265~~Clothing Stock - Grace Collection Products Catalogue V96~~~~14MSTB1050~Thorpe Business Shirt- Mens ~~~~Apparel | Shirts~~~NO~Left chest pocket, Long sleeve cuff, Self-fabric collar~~~65% polyester and 35% cotton~~~STB1050.jpg~~~~Blue, Black, Navy, Maroon, White~~~S,M,L,XL,2XL,3XL,5XL~~~~~NO~~~~~~1 Position~1 Colour~Screen Printing - Large~~~~~25~34.50~50~32.50~100~31.13~250~27.81~~~~~~~~~~~75.00~~~~~~~~~~~~~
266~~Clothing Stock - Grace Collection Products Catalogue V97~~~~14MSTB1051~Yardley Business Shirt- Ladies ~~~~Apparel | Shirts~~~NO~Ladies fitted style with side split, 3/4 sleeve cuff, Self-fabric collar~~~60% polyester, 35% cotton and 5% Elastane~~~STB1051.jpg~~~~Maroon, Black, Navy, Blue, White~~~8,10,12,14,16,18,20,22~~~~~NO~~~~~~1 Position~1 Colour~Screen Printing - Large~~~~~25~35.17~50~33.17~100~31.77~250~28.41~~~~~~~~~~~75.00~~~~~~~~~~~~~
267~~Clothing Stock - Grace Collection Products Catalogue V98~~~~14MSTH3010A~Carbon Hoodie - Mens~~~~Apparel | Hoodies~~~NO~320gsm, Matching fleece interface and jersey lined hood, Hood with adjustable drawstrings, 2 front pouch pockets, Ribbed cuff and waist~~~65% Cotton, 35% Polyester, low pill fleece~~~STH3010.jpg~~~~Navy, Black, Royal, Marble, White, Red~~~XS,S,M,L,XL,2XL,3XL,5XL~~~~~NO~~~~~~1 Position~1 Colour~Screen Printing - Large~~~~~25~39.83~50~36.61~100~36.29~250~30.28~~~~~~~~~~~75.00~~~~~~~~~~~~~
268~~Clothing Stock - Grace Collection Products Catalogue V99~~~~14MSTH3020A~Grange Hoodie - Mens~~~~Apparel | Hoodies~~~NO~320gsm, Matching fleece interface and jersey lined hood, Hood with adjustable drawstrings, Full front concealed zipper, 2 front pouch pockets, Ribbed cuff and waist~~~65% Cotton, 35% Polyester, low pill fleece~~~STH3020.jpg~~~~Navy, Royal, White, Marble, Black~~~S,M,L,XL,2XL,3XL~~~~~NO~~~~~~1 Position~1 Colour~Screen Printing - Large~~~~~25~44.00~50~40.65~100~37.38~250~33.75~~~~~~~~~~~75.00~~~~~~~~~~~~~
269~~Clothing Stock - Grace Collection Products Catalogue V100~~~~14MSTH3030A~Viera Hoodie - Ladies ~~~~Apparel | Hoodies~~~NO~320gsm, Matching fleece interface and jersey lined hood, Hood with adjustable drawstrings, Full front concealed zipper, 2 front pouch pockets, Ribbed cuff and waist~~~65% Cotton, 35% Polyester, low pill fleece~~~STH3030.jpg~~~~Black, White, Pink~~~8,10,12,14,16,18~~~~~NO~~~~~~1 Position~1 Colour~Screen Printing - Large~~~~~25~42.83~50~39.52~100~39.19~250~32.78~~~~~~~~~~~75.00~~~~~~~~~~~~~
270~~Clothing Stock - Grace Collection Products Catalogue V101~~~~14MSTH3040A~Vogue Hoodie - Unisex~~~~Apparel | Hoodies~~~NO~190gsm, Matching colour jersey lined hood, Hood with adjustable drawstrings, Full front concealed zipper, 2 front pouch pockets, Ribbed cuff and waist~~~100% Cotton~~~STH3040.jpg~~~~Red, Black, Navy, Royal, Marble, White~~~XS,S,M,L,XL,2XL,3XL~~~~~NO~~~~~~1 Position~1 Colour~Screen Printing - Large~~~~~25~37.33~50~34.19~100~33.87~250~28.19~~~~~~~~~~~75.00~~~~~~~~~~~~~
271~~Clothing Stock - Grace Collection Products Catalogue V102~~~~14MSTH3050~Genesis Hoodies - Mens ~~~~Apparel | Hoodies~~~NO~320gsm, Matching fleece interface and jersey lined hood, Contrast patter design on shoulder, piping and ribbed cuff, Hidden pocket on both sides~~~65% polyester, 35% cotton, low pill fleece~~~STH3050.jpg~~~~Royal-White, Black-Red, Navy-White~~~XS,S,M,L,XL,2XL,3XL~~~~~NO~~~~~~1 Position~1 Colour~Screen Printing - Large~~~~~25~44.67~50~41.29~100~37.98~250~34.31~~~~~~~~~~~75.00~~~~~~~~~~~~~
272~~Clothing Stock - Grace Collection Products Catalogue V103~~~~14MSTH3050~Genesis Hoodies - Childrens ~~~~Apparel | Hoodies~~~NO~320gsm, Matching fleece interface and jersey lined hood, Contrast patter design on shoulder, piping and ribbed cuff, Hidden pocket on both sides~~~65% polyester, 35% cotton, low pill fleece~~~STH3050.jpg~~~~Royal-White, Black-Red, Navy-White~~~10,12,14~~~~~NO~~~~~~1 Position~1 Colour~Screen Printing - Large~~~~~25~42.17~50~38.87~100~38.55~250~32.22~~~~~~~~~~~75.00~~~~~~~~~~~~~
273~~Clothing Stock - Grace Collection Products Catalogue V104~~~~14MSTH3055~Caprice Hoodie - Mens ~~~~Apparel | Hoodies~~~NO~40% Polyester, 60% cotton, low pill fleece, Matching fleece interface, Contrast 100% cotton inner hood and drawstrings, Raglan style long sleeves, Panel design on front and back, Ribbed cuff and waist, Concealed pockets on both sides, 320gsm, For safety precautions, children's goodie does not come with adjustable drawstring~~~40% Polyester, 60% cotton, low pill fleece~~~STH3055.jpg~~~~Red-White-Black, Royal-White-Black, Black-White-Marble~~~XS,S,M,L,XL,2XL,3XL~~~~~NO~~~~~~1 Position~1 Colour~Screen Printing - Large~~~~~25~50.00~50~46.45~100~42.76~250~38.75~~~~~~~~~~~75.00~~~~~~~~~~~~~
274~~Clothing Stock - Grace Collection Products Catalogue V105~~~~14MSTH3055~Caprice Hoodie - Childrens ~~~~Apparel | Hoodies~~~NO~40% Polyester, 60% cotton, low pill fleece, Matching fleece interface, Contrast 100% cotton inner hood and drawstrings, Raglan style long sleeves, Panel design on front and back, Ribbed cuff and waist, Concealed pockets on both sides, 320gsm, For safety precautions, children's goodie does not come with adjustable drawstring~~~40% Polyester, 60% cotton, low pill fleece~~~STH3055.jpg~~~~Red-White-Black, Royal-White-Black, Black-White-Marble~~~10,12,14~~~~~NO~~~~~~1 Position~1 Colour~Screen Printing - Large~~~~~25~47.33~50~43.87~100~40.37~250~36.53~~~~~~~~~~~75.00~~~~~~~~~~~~~
275~~Clothing Stock - Grace Collection Products Catalogue V106~~~~14MSTH3060~Optima Hoodie - Mens ~~~~Apparel | Hoodies~~~NO~320gsm, Matching fleece interface and jersey lined hood, Contrast 100% cotton inner hood, zipper, shoulder piping and adjustable drawstrings, 2 front pouch pockets, Premium ribbed cuff and waist~~~65% polyester, 35% cotton, low pill fleece~~~STH3060.jpg~~~~Marble-Navy, Black-Red, Navy-White~~~XS,S,M,L,XL,2XL,3XL~~~~~NO~~~~~~1 Position~1 Colour~Screen Printing - Large~~~~~25~42.83~50~39.52~100~39.19~250~32.78~~~~~~~~~~~75.00~~~~~~~~~~~~~
276~~Clothing Stock - Grace Collection Products Catalogue V107~~~~14MSTH3060~Optima Hoodie - Childrens ~~~~Apparel | Hoodies~~~NO~320gsm, Matching fleece interface and jersey lined hood, Contrast 100% cotton inner hood, zipper, shoulder piping and adjustable drawstrings, 2 front pouch pockets, Premium ribbed cuff and waist~~~65% polyester, 35% cotton, low pill fleece~~~STH3060.jpg~~~~Marble-Navy, Black-Red, Navy-White~~~10,12,14~~~~~NO~~~~~~1 Position~1 Colour~Screen Printing - Large~~~~~25~40.83~50~37.58~100~37.26~250~31.11~~~~~~~~~~~75.00~~~~~~~~~~~~~
277~~Clothing Stock - Grace Collection Products Catalogue V108~~~~14MSTH3065~Kyton Hoodie- Mens ~~~~Apparel | Hoodies~~~NO~40% Polyester, 60% cotton, low pill polar fleece, Contrast fleece interface and inner hood with drawstrings, Raglan style long sleeves, Contrast stitching on front and back, Full concealed contrast zipper, Ribbed cuff and waist, 2 front pouch pockets,320 gsm, For safety precautions, children's hoodie does not come with adjustable drawstrings~~~40%Polyester, 60% cotton, low pill polar fleece~~~STH3065.jpg~~~~Emerald-Navy, Marble-Lime Green, Navy-Grey, Black-Red, Black-Orange~~~XS,S,M,L,XL,2XL,3XL~~~~~NO~~~~~~1 Position~1 Colour~Screen Printing - Large~~~~~25~57.83~50~54.03~100~49.79~250~45.28~~~~~~~~~~~75.00~~~~~~~~~~~~~
278~~Clothing Stock - Grace Collection Products Catalogue V109~~~~14MSTH3065~Kyton Hoodie - Childrens ~~~~Apparel | Hoodies~~~NO~40% Polyester, 60% cotton, low pill polar fleece, Contrast fleece interface and inner hood with drawstrings, Raglan style long sleeves, Contrast stitching on front and back, Full concealed contrast zipper, Ribbed cuff and waist, 2 front pouch pockets,320 gsm, For safety precautions, children's hoodie does not come with adjustable drawstrings~~~40%Polyester, 60% cotton, low pill polar fleece~~~STH3065.jpg~~~~Emerald-Navy, Marble-Lime Green, Navy-Grey, Black-Red, Black-Orange~~~XS,S,M,L,XL,2XL,3XL~~~~~NO~~~~~~1 Position~1 Colour~Screen Printing - Large~~~~~25~55.67~50~51.94~100~47.85~250~43.47~~~~~~~~~~~75.00~~~~~~~~~~~~~
279~~Clothing Stock - Grace Collection Products Catalogue V110~~~~14MSTH3070~Sinclair Hoodie - Mens ~~~~Apparel | Hoodies~~~NO~40% Polyester, 60% cotton, low pill fleece~~~40% Polyester, 60% cotton, low pill fleece~~~STH3070.jpg~~~~Red-Black, Royal-Black, Bottle-Gold, Marble-Black, Navy-Sky, Black-Marble~~~XS,S,M,L,XL,2XL,3XL~~~~~NO~~~~~~1 Position~1 Colour~Screen Printing - Large~~~~~25~50.00~50~46.45~100~42.76~250~38.75~~~~~~~~~~~75.00~~~~~~~~~~~~~
280~~Clothing Stock - Grace Collection Products Catalogue V111~~~~14MSTH3070~Sinclair Hoodie - Ladies & Childrens ~~~~Apparel | Hoodies~~~NO~40% Polyester, 60% cotton, low pill fleece, Contrast hood with metal eyelets and drawstrings, Extended neck warmer area, Matching 100% cotton inner hood and drawstrings, Contrast panel design on front sleeves and body only, extended full front contrast zipper, Ribbed cuff and waist, 320 gsm, For safety precautions, children's hoodie does not come with adjustable drawstring~~~40% Polyester, 60% cotton, low pill fleece~~~STH3070.jpg~~~~Red-Black, Royal-Black, Bottle-Gold, Marble-Black, Navy-Sky, Black-Marble~~~8,10,12,14,16,18~~~~~NO~~~~~~1 Position~1 Colour~Screen Printing - Large~~~~~25~48.00~50~44.52~100~40.97~250~37.08~~~~~~~~~~~75.00~~~~~~~~~~~~~
281~~Clothing Stock - Grace Collection Products Catalogue V112~~~~14MSTH3075~Calibri Hoodies - Mens ~~~~Apparel | Hoodies~~~NO~40% Polyester, 60% cotton, low pill fleece, Matching fleece interface, Contrast 100% cotton inner hood and drawstrings, Contrast piping on front and back, 2 front pouch pockets with contrast piping, Ribbed cuff and waist, 320 gsm, For safety precautions, Children's hoodie does not come with adjustable drawstrings~~~40% Polyester, 60% cotton, low pill fleece~~~STH3075.jpg~~~~Black-Marble, Navy-White, Red-Black, Royal-Gold~~~XS,S,M,L,XL,2XL,3XL~~~~~NO~~~~~~1 Position~1 Colour~Screen Printing - Large~~~~~25~45.00~50~41.61~100~38.28~250~34.58~~~~~~~~~~~75.00~~~~~~~~~~~~~
282~~Clothing Stock - Grace Collection Products Catalogue V113~~~~14MSTH3075~Calibri Hoodies - Childrens  ~~~~Apparel | Hoodies~~~NO~40% Polyester, 60% cotton, low pill fleece, Matching fleece interface, Contrast 100% cotton inner hood and drawstrings, Contrast piping on front and back, 2 front pouch pockets with contrast piping, Ribbed cuff and waist, 320 gsm, For safety precautions, Children's hoodie does not come with adjustable drawstrings~~~40% Polyester, 60% cotton, low pill fleece~~~STH3075.jpg~~~~Black-Marble, Navy-White, Red-Black, Royal-Gold~~~XS,S,M,L,XL,2XL,3XL~~~~~NO~~~~~~1 Position~1 Colour~Screen Printing - Large~~~~~25~42.83~50~39.52~100~39.19~250~32.78~~~~~~~~~~~75.00~~~~~~~~~~~~~
283~~Clothing Stock - Grace Collection Products Catalogue V114~~~~14MSTH3085~Alcove Hoodies - Mens ~~~~Apparel | Hoodies~~~NO~40% Polyester, 60% cotton, low pill fleece, Matching fleece interface and jersey lined hood, 100% cotton inner hood and drawstrings, Raglan style long sleeves, Panel design on front sleeves and body only, Ribbed 3 stripes design on each sleeve, Ribbed cuff and waist, 320 gsm, For safety precautions, Children's hoodie does not come with adjustable drawstring~~~40% Polyester, 60% cotton, low pill fleece~~~STH3085.jpg~~~~Black-Royal, Navy-White, Royal-Black~~~XS,S,M,L,XL,2XL,3XL~~~~~NO~~~~~~1 Position~1 Colour~Screen Printing - Large~~~~~25~46.17~50~42.74~100~39.32~250~35.56~~~~~~~~~~~75.00~~~~~~~~~~~~~
284~~Clothing Stock - Grace Collection Products Catalogue V115~~~~14MSTH3085~Alcove Hoodies - Children~~~~Apparel | Hoodies~~~NO~40% Polyester, 60% cotton, low pill fleece, Matching fleece interface and jersey lined hood, 100% cotton inner hood and drawstrings, Raglan style long sleeves, Panel design on front sleeves and body only, Ribbed 3 stripes design on each sleeve, Ribbed cuff and waist, 320 gsm, For safety precautions, Children's hoodie does not come with adjustable drawstring~~~40% Polyester, 60% cotton, low pill fleece~~~STH3085.jpg~~~~Black-Royal, Navy-White, Royal-Black~~~10,12,14~~~~~NO~~~~~~1 Position~1 Colour~Screen Printing - Large~~~~~25~44.00~50~40.65~100~37.38~250~33.75~~~~~~~~~~~75.00~~~~~~~~~~~~~
285~~Clothing Stock - Grace Collection Products Catalogue V116~~~~14MSTJ4000~Velocity Jacket - Mens ~~~~Apparel | Jackets~~~NO~100% Polyester, Strip and piping design, Open pocket on both sides~~~100% Polyester~~~STJ4000_4002_sp4001_4003.jpg~~~~Black-White~~~XS,S,M,L,XL,2XL,3XL~~~~~NO~~~~~~1 Position~1 Colour~Screen Printing - Large~~~~~25~43.83~50~40.48~100~40.16~250~33.61~~~~~~~~~~~75.00~~~~~~~~~~~~~
286~~Clothing Stock - Grace Collection Products Catalogue V117~~~~14MSTJ4000~Velocity Jacket - Childrens ~~~~Apparel | Jackets~~~NO~100% Polyester, Strip and piping design, Open pocket on both sides~~~100% Polyester~~~STJ4000_4002_sp4001_4003.jpg~~~~Black-White~~~10,12,14~~~~~NO~~~~~~1 Position~1 Colour~Screen Printing - Large~~~~~25~42.17~50~38.87~100~38.55~250~32.22~~~~~~~~~~~75.00~~~~~~~~~~~~~
287~~Clothing Stock - Grace Collection Products Catalogue V118~~~~14MSTJ4002~Speed Jacket - Ladies ~~~~Apparel | Jackets~~~NO~100% Polyester, Piping design, Open pocket on both sides~~~100% Polyester~~~STJ4000_4002_sp4001_4003.jpg~~~~Black-Musk~~~S,M,L,XL~~~~~NO~~~~~~1 Position~1 Colour~Screen Printing - Large~~~~~25~39.50~50~36.29~100~35.97~250~30.00~~~~~~~~~~~75.00~~~~~~~~~~~~~
288~~Clothing Stock - Grace Collection Products Catalogue V119~~~~14MSTJ4002~Speed Jacket - Childrens~~~~Apparel | Jackets~~~NO~100% Polyester, Piping design, Open pocket on both sides~~~100% Polyester~~~STJ4000_4002_sp4001_4003.jpg~~~~Black-Musk~~~10,12,14~~~~~NO~~~~~~1 Position~1 Colour~Screen Printing - Large~~~~~25~38.67~50~35.48~100~35.16~250~29.31~~~~~~~~~~~75.00~~~~~~~~~~~~~
289~~Clothing Stock - Grace Collection Products Catalogue V120~~~~14MSTJ4010~Legacy II Jacket - Unisex ~~~~Apparel | Jackets~~~NO~Raglan sleeve with contrast piping and zipper design, Stowaway hood with adjustable drawstrings behind collar, Zippered pocket with puller on both sides, Elasticised cuff, Wind Proof~~~Outer: 100% Polyester, Inner: 100% Polyester mesh lining~~~STJ4010.jpg~~~~Black,White, Navy~~~S,M,L,XL,2XL,3XL~~~~~NO~~~~~~1 Position~1 Colour~Screen Printing - Large~~~~~25~50.50~50~46.94~100~43.21~250~39.17~~~~~~~~~~~75.00~~~~~~~~~~~~~
290~~Clothing Stock - Grace Collection Products Catalogue V121~~~~14MSTJ4017~Terrain Jacket - Unisex~~~~Apparel | Jackets~~~NO~50% Polyester, 50% nylon outer shell, Breathable 100% polyester mesh inner lining, Contrast panel design on front and back, Reflective designs on front and back, Concealed contrast two-way zipper with chin guard, Contrast zippered side pocket, One internal zippered pocket, 2 thermal retention shock cord at hem~~~50% Polyester, 50% nylon outer shell, Breathable 100% polyester mesh inner lining~~~STJ4017.jpg~~~~Black-Red, Black-Orange, Black-Royal, Black-Grey, Black-Lime~~~2XS,XS,S,M,L,XL,2XL,3XL~~~~~NO~~~~~~1 Position~1 Colour~Screen Printing - Large~~~~~25~80.81~50~78.87~100~72.82~250~66.67~~~~~~~~~~~75.00~~~~~~~~~~~~~
291~~Clothing Stock - Grace Collection Products Catalogue V122~~~~14MSTJ4020~Pinnacle Jacket - Unisex ~~~~Apparel | Jackets~~~NO~Reversible, Contrast panel design on outer sleeves, 2-Way front zip, Two open pockets on both sides, Ribbed cuff, 3000MM waterproof rating, 5000G/M2 breathability rating, Wind Proof~~~Outer: 100% Bonded Polyester, Inner: 100% Polyester anti-static low pill fleece~~~STJ4020.jpg~~~~Black-Red, Royal-White, Red-Black, Navy-White~~~XS,S,M,L,XL,2XL,3XL~~~~~NO~~~~~~1 Position~1 Colour~Screen Printing - Large~~~~~25~62.17~50~58.23~100~53.68~250~48.89~~~~~~~~~~~75.00~~~~~~~~~~~~~
292~~Clothing Stock - Grace Collection Products Catalogue V123~~~~14MSTJ4030~Legacy Jacket - Unisex ~~~~Apparel | Jackets~~~NO~Raglan sleeve with contrast piping and zipper design, Stowaway hood with adjustable drawstrings behind collar, Zippered pocket with puller on both sides, Elasticised cuff, Wind Proof~~~Outer: 100% Polyester, Inner: 100% Polyester mesh lining~~~STJ4030.jpg~~~~Navy-White, Black-Red, Black-White~~~S,M,L,XL,2XL,3XL~~~~~NO~~~~~~1 Position~1 Colour~Screen Printing - Large~~~~~25~58.50~50~54.68~100~50.39~250~45.83~~~~~~~~~~~75.00~~~~~~~~~~~~~
293~~Clothing Stock - Grace Collection Products Catalogue V124~~~~14MSTJ4040~Catalyst Jacket- Mens ~~~~Apparel | Jackets~~~NO~1000MM waterproof rating, 1000G/M2 breathability rating, Two-way zipper, Front zippered pockets, Lycra-trimmed cuffs, Open hem, Zippered chest pocket, Gently contoured silhouette (Ladies Style), Princess seams (Ladies Style), No zippered chest pocket (Ladies Style)~~~94% polyester, 6% spandex woven shell, 100% polyester microfleece lining~~~STJ4040_4041.jpg~~~~Navy, Black~~~S,M,L,XL,2XL,3XL~~~~~NO~~~~~~1 Position~1 Colour~Screen Printing - Large~~~~~25~71.29~50~69.35~100~63.99~250~58.47~~~~~~~~~~~75.00~~~~~~~~~~~~~
294~~Clothing Stock - Grace Collection Products Catalogue V125~~~~14MSTJ4041~Catalyst Jacket - Ladies ~~~~Apparel | Jackets~~~NO~1000MM waterproof rating, 1000G/M2 breathability rating, Two-way zipper, Front zippered pockets, Lycra-trimmed cuffs, Open hem, Zippered chest pocket, Gently contoured silhouette (Ladies Style), Princess seams (Ladies Style), No zippered chest pocket (Ladies Style)~~~94% polyester, 6% spandex woven shell, 100% polyester microfleece lining~~~STJ4040_4041.jpg~~~~Navy, Black~~~S,M,L,XL,2XL~~~~~NO~~~~~~1 Position~1 Colour~Screen Printing - Large~~~~~25~69.35~50~67.42~100~62.20~250~56.81~~~~~~~~~~~75.00~~~~~~~~~~~~~
295~~Clothing Stock - Grace Collection Products Catalogue V126~~~~14MSTJ4050~Escapade Jacket- Mens ~~~~Apparel | Jackets~~~NO~Two-way zipper with ergonomic pull, Interior chest pocket, sleeve storage pocket and side zippered pockets, Adjustable tab cuffs with hook and loop closures, Open hem with drawcord and toggle for adjustability, Stowaway hood, Gently contoured silhouette (Ladies Style), No sleeve storage pocket (Ladies Style)~~~100% polyester twill with PU coating, Mesh upper-body lining, nylon lower body and sleeve lining~~~STJ4050_4051.jpg~~~~Black-Red, Black-Grey, Black~~~S,M,L,XL,2XL,3XL,5XL~~~~~NO~~~~~~1 Position~1 Colour~Screen Printing - Large~~~~~25~90.32~50~81.94~100~75.83~250~74.86~~~~~~~~~~~75.00~~~~~~~~~~~~~
296~~Clothing Stock - Grace Collection Products Catalogue V127~~~~14MSTJ4051~Escapade Jacket - Ladies ~~~~Apparel | Jackets~~~NO~Two-way zipper with ergonomic pull, Interior chest pocket, sleeve storage pocket and side zippered pockets, Adjustable tab cuffs with hook and loop closures, Open hem with drawcord and toggle for adjustability, Stowaway hood, Gently contoured silhouette (Ladies Style), No sleeve storage pocket (Ladies Style)~~~100% polyester twill with PU coating, Mesh upper-body lining, nylon lower body and sleeve lining~~~STJ4050_4051.jpg~~~~Black-Red, Black-Grey, Black~~~S,M,L,XL,2XL~~~~~NO~~~~~~1 Position~1 Colour~Screen Printing - Large~~~~~25~87.58~50~79.40~100~73.47~250~72.50~~~~~~~~~~~75.00~~~~~~~~~~~~~
297~~Clothing Stock - Grace Collection Products Catalogue V128~~~~14MSTJ4060~Fahrenheit Jacket - Unisex ~~~~Apparel | Jackets~~~NO~1500MM waterproof rating, Seam-sealed for added waterproof protection, 3-ounce polyfill in sleeves, 100% polyester Sherpa fleece body lining, Nylon sleeve lining for easy on/off, Front zippered pockets, Zip-off hood, Storm flap, Four zippered pockets, Drop tail hem with drawcord and toggle for adjustability~~~100% ripstop nylon shell with Tasla nylon accents~~~STJ4060.jpg~~~~Royal-Black, Grey-Black, Red-Black, Black~~~XS,S,M,L,XL,2XL,3XL~~~~~NO~~~~~~1 Position~1 Colour~Screen Printing - Large~~~~~25~111.45~50~101.52~100~94.03~250~93.06~~~~~~~~~~~75.00~~~~~~~~~~~~~
298~~Clothing Stock - Grace Collection Products Catalogue V129~~~~14MSTJ4070~Cirrus Jacket - Mens ~~~~Apparel | Jackets~~~NO~Powerstretch fabric allow 4-ways stretch with maximum maneuverability. Front zip to mid body and a zippered pocket on right chest, Zippered pocket with puller on both sides, Cinch toggle for weather protection on back of collar, Side zip for easy removal, Adjustable molded tab cuffs, 8000MM waterproof rating, 3000G/M2 breathability rating, Ideal for sailing and outdoor sports~~~100% polyester~~~STJ4070_4071.jpg~~~~Royal-Black, Black, Red-Black~~~S,M,L,XL,2XL,3XL~~~~~NO~~~~~~1 Position~1 Colour~Screen Printing - Large~~~~~25~61.33~50~57.42~100~52.93~250~48.19~~~~~~~~~~~75.00~~~~~~~~~~~~~
299~~Clothing Stock - Grace Collection Products Catalogue V130~~~~14MSTJ4071~Cirrus Jacket - Ladies ~~~~Apparel | Jackets~~~NO~Powerstretch fabric allow 4-ways stretch with maximum maneuverability. Front zip to mid body and a zippered pocket on right chest, Zippered pocket with puller on both sides, Cinch toggle for weather protection on back of collar, Side zip for easy removal, Adjustable molded tab cuffs, 8000MM waterproof rating, 3000G/M2 breathability rating, Ideal for sailing and outdoor sports~~~100% polyester~~~STJ4070_4071.jpg~~~~Royal-Black, Black, Red-Black~~~~~~~~NO~~~~~~1 Position~1 Colour~Screen Printing - Large~~~~~25~59.67~50~55.81~100~51.43~250~46.81~~~~~~~~~~~75.00~~~~~~~~~~~~~
300~~Clothing Stock - Grace Collection Products Catalogue V131~~~~14MSTJ4080~Vista Jacket- Mens~~~~Apparel | Jackets~~~NO~1000MM waterproof rating, 1000G/M2 breathability rating, Storm flap with chin guard, Ergonomic zipper pulls, Zippered chest pocket, Front zippered pockets, Spandex-trimmed cuffs, Open hem with drawcord and toggles, Gently contoured silhouette (Ladies Style), Princess seams (Ladies Style)~~~94% polyester, 6% spandex woven shell to 100% polyester waffle fleece with laminated file insert to repel water and wind~~~STJ4080_4081.jpg~~~~Navy, Black~~~S,M,L,XL,2XL,3XL~~~~~NO~~~~~~1 Position~1 Colour~Screen Printing - Large~~~~~25~71.13~50~69.19~100~63.85~250~58.33~~~~~~~~~~~75.00~~~~~~~~~~~~~
301~~Clothing Stock - Grace Collection Products Catalogue V132~~~~14MSTJ4081~Vista Jacket - Ladies ~~~~Apparel | Jackets~~~NO~1000MM waterproof rating, 1000G/M2 breathability rating, Storm flap with chin guard, Ergonomic zipper pulls, Zippered chest pocket, Front zippered pockets, Spandex-trimmed cuffs, Open hem with drawcord and toggles, Gently contoured silhouette (Ladies Style), Princess seams (Ladies Style)~~~94% polyester, 6% spandex woven shell to 100% polyester waffle fleece with laminated file insert to repel water and wind~~~STJ4080_4081.jpg~~~~Navy, Black, Natura~~~S,M,L,XL,2XL~~~~~NO~~~~~~1 Position~1 Colour~Screen Printing - Large~~~~~25~69.52~50~67.58~100~62.35~250~56.94~~~~~~~~~~~75.00~~~~~~~~~~~~~
302~~Clothing Stock - Grace Collection Products Catalogue V133~~~~14MSTJ4090~Calidum Jacket - Mens ~~~~Apparel | Jackets~~~NO~"100% polyester, textured outer shell with water resistant finish. 100% polyester Sherpa fleece body lining. 3-ounce polyfill in sleeves. Storm flap. Inside placket with fleece chin guard. Thermal fleece lined collar. Zip-off hood. Thermal retention shock cord at hood and drop back hem. Inside pocket. Right chest zippered pocket. Decorative stitching. YKK zip pullers
"~~~Outer: 100% Polyester, Inner: 100% Polyester~~~STJ4090.jpg~~~~Black ~~~S,M,L,XL,2XL,3XL~~~~~NO~~~~~~1 Position~1 Colour~Screen Printing - Large~~~~~25~111.45~50~101.52~100~94.03~250~93.06~~~~~~~~~~~75.00~~~~~~~~~~~~~
303~~Clothing Stock - Grace Collection Products Catalogue V134~~~~14MSTJ4091~Calidum Jacket - Ladies ~~~~Apparel | Jackets~~~NO~"100% polyester, textured outer shell with water resistant finish. 100% polyester Sherpa fleece body lining. 3-ounce polyfill in sleeves. Storm flap. Inside placket with fleece chin guard. Thermal fleece lined collar. Zip-off hood. Thermal retention shock cord at hood and drop back hem. Inside pocket. Right chest zippered pocket. Decorative stitching. YKK zip pullers
"~~~Outer: 100% Polyester, Inner: 100% Polyester~~~STJ4091.jpg~~~~Black ~~~S,M,L,XL,2XL~~~~~NO~~~~~~1 Position~1 Colour~Screen Printing - Large~~~~~25~109.84~50~100.03~100~92.64~250~91.67~~~~~~~~~~~75.00~~~~~~~~~~~~~
304~~Clothing Stock - Grace Collection Products Catalogue V135~~~~14MSTJ4100~Tanaka Jacket - Mens ~~~~Apparel | Jackets~~~NO~100% polyester with water resistant finish. Mesh body lining. Colour-block raglan sleeves. Woven checker board trim detail. Concealed front zipper pockets. Self fabric chin guard. Reflective zipper tape with zipper pull at center front. Adjustable shock cord at hem. Elasticised cuffs. YKK zip pullers. ~~~100% Polyester~~~STJ4100.jpg~~~~Black-yellow, black-red, black-royal ~~~XS,S,M,L,XL,2XL,3XL~~~~~NO~~~~~~1 Position~1 Colour~Screen Printing - Large~~~~~25~71.45~50~69.52~100~64.14~250~58.61~~~~~~~~~~~75.00~~~~~~~~~~~~~
305~~Clothing Stock - Grace Collection Products Catalogue V136~~~~14MSTJ4110~Taylor Jacket- Mens~~~~Apparel | Jackets~~~NO~" 100% polyester, textured outer shell with water resistant finish. 100% polyester body lining with polyester insulation. Two-way front zipper. Adjustable cuff band with velcro closure. Zip-off hood. Storm flap with plastic snaps. Upper chest outer zipper pocket. Two inside pockets, one with audio port. Adjustable shock cord at hem. YKK zip pullers. 
"~~~Outer: 100% Polyester, Inner: 100% Polyester~~~STJ4110.jpg~~~~Black ~~~S,M,L,XL,2XL,3XL~~~~~NO~~~~~~1 Position~1 Colour~Screen Printing - Large~~~~~25~106.29~50~96.74~100~89.58~250~88.61~~~~~~~~~~~75.00~~~~~~~~~~~~~
306~~Clothing Stock - Grace Collection Products Catalogue V137~~~~14MSTJ4111~Taylor Jacket - Ladies ~~~~Apparel | Jackets~~~NO~" 100% polyester, textured outer shell with water resistant finish. 100% polyester body lining with polyester insulation. Two-way front zipper. Adjustable cuff band with velcro closure. Zip-off hood. Storm flap with plastic snaps. Upper chest outer zipper pocket. Two inside pockets, one with audio port. Adjustable shock cord at hem. YKK zip pullers. 
"~~~Outer: 100% Polyester, Inner: 100% Polyester~~~STJ4111.jpg~~~~Black ~~~S,M,L,XL,2XL~~~~~NO~~~~~~1 Position~1 Colour~Screen Printing - Large~~~~~25~104.35~50~94.95~100~87.92~250~86.95~~~~~~~~~~~75.00~~~~~~~~~~~~~
307~~Clothing Stock - Grace Collection Products Catalogue V138~~~~14MSTJ4120~Montem Jacket - Mens~~~~Apparel | Jackets~~~NO~"100% polyester, outer shell with water resistant finish. 100% polyester Sherpa fleece body lining. 3-ounce polyfill in sleeves. Piped yoke, front and sleeve detail. Storm flap with zippered pocket inside placket. Zip-off hood. Adjustable cuffs with tabs. Thermal retention shock cord at hem and hood. YKK zip pullers. 
"~~~Outer: 100% Polyester/Inner: 100% Polyester~~~STJ4120.jpg~~~~Black-Royal, Black-yellow, Black-Red ~~~XS,S,M,L,XL,2XL,3XL~~~~~NO~~~~~~1 Position~1 Colour~Screen Printing - Large~~~~~25~114.52~50~104.36~100~96.67~250~95.70~~~~~~~~~~~75.00~~~~~~~~~~~~~
308~~Clothing Stock - Grace Collection Products Catalogue V139~~~~14MSTJ4121~Montem Jacket - Ladies ~~~~Apparel | Jackets~~~NO~"100% polyester, outer shell with water resistant finish. 100% polyester Sherpa fleece body lining. 3-ounce polyfill in sleeves. Piped yoke, front and sleeve detail. Storm flap with zippered pocket inside placket. Zip-off hood. Adjustable cuffs with tabs. Thermal retention shock cord at hem and hood. YKK zip pullers. 
"~~~Outer: 100% Polyester/Inner: 100% Polyester~~~STJ4121.jpg~~~~Black-Royal, Black-yellow, Black-Red ~~~S,M,L,XL,2XL~~~~~NO~~~~~~1 Position~1 Colour~Screen Printing - Large~~~~~25~112.90~50~102.87~100~95.28~250~94.31~~~~~~~~~~~75.00~~~~~~~~~~~~~
309~~Clothing Stock - Grace Collection Products Catalogue V140~~~~14MSTP5010~Shafton Polar Fleece - Mens~~~~Apparel | Hoodies~~~NO~285gsm, Front zipper with puller, 2 front zippered pocket with pullers, Elasticised string with toggle around the waist~~~100% Polyester, low pill fleece~~~STP5010.jpg~~~~Navy, Red, Black, Charcoal, Royal, Marnoon~~~S,M,L,XL,2XL,3XL~~~~~NO~~~~~~1 Position~1 Colour~Screen Printing - Large~~~~~25~34.08~50~30.83~100~29.52~250~26.32~~~~~~~~~~~75.00~~~~~~~~~~~~~
310~~Clothing Stock - Grace Collection Products Catalogue V141~~~~14MSTP5020~Carrington Polar Fleece - Ladies ~~~~Apparel | Hoodies~~~NO~285gsm, Front colour matching zipper, 2 front pockets with concealed zipper in panel stitching~~~100% Polyester, low pill fleece fitted vest~~~STP5020.jpg~~~~Pink, Black, Red~~~8,10,12,14,16,18,20,22~~~~~NO~~~~~~1 Position~1 Colour~Screen Printing - Large~~~~~25~32.70~50~29.50~100~28.23~250~25.12~~~~~~~~~~~75.00~~~~~~~~~~~~~
311~~Clothing Stock - Grace Collection Products Catalogue V142~~~~14MSTP5030~Burleigh Polar Fleece - Mens~~~~Apparel | Hoodies~~~NO~285gsm, Long sleeve jacket with colour matching zipper, 2 front zippered pockets, Elasticised sleeve cuff, Elasticised string with toggle around the waist~~~100% Polyester, low pill fleece~~~STP5030.jpg~~~~Royal, Navy, Black, Charcoal~~~S,M,L,XL,2XL,3XL~~~~~NO~~~~~~1 Position~1 Colour~Screen Printing - Large~~~~~25~38.83~50~35.65~100~35.32~250~29.44~~~~~~~~~~~75.00~~~~~~~~~~~~~
312~~Clothing Stock - Grace Collection Products Catalogue V143~~~~14MSTP5040~Lorna Polar Fleece - Ladies ~~~~Apparel | Hoodies~~~NO~285gsm, Long sleeve jacket with colour matching zipper, 2 front pockets with concealed zipper in panel stitching, Straight sleeve cuff~~~100% Polyester, low pill fleece~~~STP5040.jpg~~~~Black, Red, Pink~~~8,10,12,14,16,18,20,22~~~~~NO~~~~~~1 Position~1 Colour~Screen Printing - Large~~~~~25~37.00~50~33.87~100~33.55~250~27.92~~~~~~~~~~~75.00~~~~~~~~~~~~~
313~~Clothing Stock - Grace Collection Products Catalogue V144~~~~14MSTP5050~Nuvo - Mens~~~~Apparel | Jackets~~~NO~Contrast piping on the chest, back and both sleeves. Contrast inner collar. Front kangaroo pocket~~~65% Polyester, 35% Cotton, low pill fleece~~~STP5050.jpg~~~~~~~~~~~~~~~~~~1 Position~1 Colour~Screen Printing - Large~~~~~25~40.00~50~36.77~100~36.45~250~30.42~~~~~~~~~~~75.00~~~~~~~~~~~~~
314~~Clothing Stock - Grace Collection Products Catalogue V145~~~~14MSTP5051~Nuvo - Ladies~~~~Apparel | Jackets~~~NO~Contrast piping on the chest, back and both sleeves. Contrast inner collar. Front kangaroo pocket~~~65% Polyester, 35% Cotton, low pill fleece~~~STP5050.jpg~~~~~~~~~~~~~~~~~~1 Position~1 Colour~Screen Printing - Large~~~~~25~38.33~50~35.16~100~34.84~250~29.03~~~~~~~~~~~75.00~~~~~~~~~~~~~
315~~Clothing Stock - Grace Collection Products Catalogue V146~~~~14MSTS1083~Winton Shorts - Adults ~~~~Apparel | Shorts~~~NO~160gsm, Plain style sports shorts with rope, Short length~~~Coolde 100 cool dry polyester mesh knit~~~STS1083.jpg~~~~Navy, Black~~~S,M,L,XL,2XL,3XL,5XL~~~~~NO~~~~~~1 Position~1 Colour~Screen Printing - Large~~~~~25~22.32~50~19.50~100~18.55~250~16.15~~~~~~~~~~~75.00~~~~~~~~~~~~~
316~~Clothing Stock - Grace Collection Products Catalogue V147~~~~14MSTS1083~Winton Shorts - Childrens~~~~Apparel | Shorts~~~NO~160gsm, Plain style sports shorts with rope, Short length~~~Coolde 100 cool dry polyester mesh knit~~~STS1083.jpg~~~~Navy, Black~~~6,8,10,12,14~~~~~NO~~~~~~1 Position~1 Colour~Screen Printing - Large~~~~~25~21.45~50~18.67~100~17.74~250~15.40~~~~~~~~~~~75.00~~~~~~~~~~~~~
317~~Clothing Stock - Grace Collection Products Catalogue V148~~~~14MSTS5010~Alistair Shorts - Mens ~~~~Apparel | Shorts~~~NO~Velcro closure waist with matching draw cord, One pocket on front right hand side~~~100% polyester microfibre~~~STS5020_STS5010.jpg~~~~Royal, Black, White, Red, Navy~~~2XS,XS,S,M,L,XL,2XL,3XL~~~~~NO~~~~~~1 Position~1 Colour~Screen Printing - Large~~~~~25~27.16~50~24.17~100~23.06~250~20.33~~~~~~~~~~~75.00~~~~~~~~~~~~~
318~~Clothing Stock - Grace Collection Products Catalogue V149~~~~14MSTS5020~Aurora Shorts - Ladies ~~~~Apparel | Shorts~~~NO~"Full elasticised waist with inside matching draw cord, ""V"" shape side split"~~~100% polyester microfibre~~~STS5020_STS5010.jpg~~~~Apple Green-White, Black-White, Red-White, White-Black, Hot Pink-White~~~6,8,10,12,14~~~~~NO~~~~~~1 Position~1 Colour~Screen Printing - Large~~~~~25~23.18~50~20.33~100~19.35~250~16.90~~~~~~~~~~~75.00~~~~~~~~~~~~~
319~~Clothing Stock - Grace Collection Products Catalogue V150~~~~14MSTS5050~Sierra Shorts - Mens~~~~Apparel | Shorts~~~NO~Full elasticised waist with inside matching draw cord, Side splits, One pocket on both sides, One zippered back pocket~~~Nylon Taslon fabric with mesh lining~~~STS5050.jpg~~~~Navy, Black~~~3XS,2XS,XS,S,M,L,XL,2XL~~~~~NO~~~~~~1 Position~1 Colour~Screen Printing - Large~~~~~25~26.47~50~23.50~100~22.42~250~19.74~~~~~~~~~~~75.00~~~~~~~~~~~~~
320~~Clothing Stock - Grace Collection Products Catalogue V151~~~~14MST1426~Elise Fitness Singlet - Ladies ~~~~Apparel | Active Wear~~~NO~"230gsm. Flattering ""V"" neck style. Built in shelf bra with removable padding gives your bust great shape and extra support. Racerback design. "~~~ 92% Polyester 8% Lycra~~~ST1426.jpg~~~~Black, hot pink ~~~6,8,10,12,14,16~~~~~NO~~~~~~1 Position~1 Colour~Screen Printing - Large~~~~~25~29.41~50~26.33~100~25.16~250~22.28~~~~~~~~~~~75.00~~~~~~~~~~~~~
321~~Clothing Stock - Grace Collection Products Catalogue V152~~~~14MST1431~Rochelle Fitness Singlet - Ladies ~~~~Apparel | Active Wear~~~NO~230gsm. Flattering scooped neckline. Built in shelf bra with removable padding gives your bust great shape and extra support. Mesh panelling with cross-over feature at the back~~~ 92% Polyester 8% Lycra~~~ST1431.jpg~~~~Black, hot pink, Sky ~~~8,10,12,14,16~~~~~NO~~~~~~1 Position~1 Colour~Screen Printing - Large~~~~~25~31.49~50~28.33~100~27.10~250~24.07~~~~~~~~~~~75.00~~~~~~~~~~~~~
322~~Clothing Stock - Grace Collection Products Catalogue V153~~~~14MST1438~Karrise Fitness Singlet - Ladies ~~~~Apparel | Active Wear~~~NO~230gsm. Flattering scooped neckline. Built in shelf bra with removable padding gives your bust great shape and extra support. Spaghetti strap racer back design~~~ 92% Polyester 8% Lycra~~~ST1438_STS5038.jpg~~~~Pink, Black ~~~8,10,12,14,18~~~~~NO~~~~~~1 Position~1 Colour~Screen Printing - Large~~~~~25~27.68~50~24.67~100~23.55~250~20.78~~~~~~~~~~~75.00~~~~~~~~~~~~~
323~~Clothing Stock - Grace Collection Products Catalogue V154~~~~14MST1492~Varsity Fitness Crop Top - Ladies ~~~~Apparel | Active Wear~~~NO~230gsm. Flattering scooped neckline. Built in shelf bra with removable padding gives your bust great shape and extra support. Double layer croptop. Racerback design. ~~~ 92% Polyester 8% Lycra~~~ST1492.jpg~~~~Black, Black-hot pink, Navy-Sky ~~~8,10,12,14,20~~~~~NO~~~~~~1 Position~1 Colour~Screen Printing - Large~~~~~25~27.33~50~24.33~100~23.23~250~20.48~~~~~~~~~~~75.00~~~~~~~~~~~~~
324~~Clothing Stock - Grace Collection Products Catalogue V155~~~~14MSP4031~Elite Fitness Tights - Ladies ~~~~Apparel | Active Wear~~~NO~230gsm. 3/4 length tights. Elastic waistband~~~" 92% Polyester 8% Lycra
"~~~ST1431_SP4031.jpg~~~~Black ~~~8,10,12,14,17~~~~~NO~~~~~~1 Position~1 Colour~Screen Printing - Large~~~~~25~27.68~50~24.67~100~23.55~250~20.78~~~~~~~~~~~75.00~~~~~~~~~~~~~
325~~Clothing Stock - Grace Collection Products Catalogue V156~~~~14MSTS5038~Harmony Fitness Shorts- Ladies ~~~~Apparel | Active Wear~~~NO~230gsm. Soft dual panel waistband with drawcord to adjust your fit. Hidden pocket within front waistband~~~ 92% Polyester 8% Lycra~~~STS5038.jpg~~~~Black, Black-pink-dark grey~~~8,10,12,14,19~~~~~NO~~~~~~1 Position~1 Colour~Screen Printing - Large~~~~~25~27.33~50~24.33~100~23.23~250~20.48~~~~~~~~~~~75.00~~~~~~~~~~~~~
