member_supplier_name~membership_number~catalogue_name~brand_name~label_name~appa_product_code~product_code~product_name~product_code_group~categorisation~category_ /_sub category~Memento Category~additional_keywords~product_tags~discontinued_stock~product_description~description_additional~product_features~product_materials~product_item_size~product_packaging_inner~product_image_file_name~alternate_views_image_file_names~group_image_file_name~colours_available_appa~colours_available_supplier~colour_image_file_names~colour_product_codes~product_sizes~size_images~size_product_code~decoration_options_available~decoration_areas~indent_only~branded~custom_field_1~custom_field_2~custom_field_3~price_decoration_description~decoration position ~decoration color~decoration_type~price_product_code~price_notes~MOQ~IOQ~qty_1~sell_1~qty_2~sell_2~qty_3~sell_3~qty_4~sell_4~qty_5~sell_5~qty_6~sell_6~qty_7~sell_7~qty_8~sell_8~additional_charges_name1~additional_charge_value1~Set-up Charge~additional_charges_notes1~additional_charges_name2~additional_charge_value2~additional_charges_notes2~carton_height~carton_width~carton_depth~carton_weight~carton_qty~carton_cubic~carton_notes~freight_description~product_URL
326~S005115~Headwear Stock Grace Collection Products Catalogue V1~~~~14MAH001~Razor Cap ~~~~Caps & Hats | Caps~~~NO~~~~Heavy Brushed Cotton~~~AH001.jpg~~~~Black-White-Red, Black-White-Gold, Black-White-Orange, Bottle-White-Gold, Deep Grey-White-Black,  Maroon-White-Deep Grey, Navy-White-Red, Navy-White-Sky, Navy-White-Gold, Red-White-Black, Royal-White-Red~~~~~~~~~~~~~~1 Position~Medium~Embroidery~~~~~25~11.85~50~9.69~100~8.83~250~8.31~~~~~~~~~~~75.00~~~~~~~~~~~~~
327~~Headwear Stock Grace Collection Products Catalogue V2~~~~14MAH002~Mountain Cap ~~~~Caps & Hats | Caps~~~NO~~~~Heavy Brushed Cotton~~~AH002.jpg~~~~Black-White-Red, Navy-White-Red, Royal-White-Red, Bottle-White-Gold, Red-White-Black, Gold-White-Bottle~~~~~~~~~~~~~~1 Position~Medium~Embroidery~~~~~25~12.37~50~10.21~100~9.33~250~8.79~~~~~~~~~~~75.00~~~~~~~~~~~~~
328~~Headwear Stock Grace Collection Products Catalogue V3~~~~14MAH003~HBC Trim Design Cap ~~~~Caps & Hats | Caps~~~NO~~~~Heavy Brushed Cotton~~~AH003.jpg~~~~Gold-White-Maroon, Royal-White-Black, Black-White-Red, Navy-White-Maroon, Bottle-White-Gold~~~~~~~~~~~~~~1 Position~Medium~Embroidery~~~~~25~13.06~50~10.90~100~10.00~250~9.44~~~~~~~~~~~75.00~~~~~~~~~~~~~
329~~Headwear Stock Grace Collection Products Catalogue V4~~~~14MAH005~HBC Wrap Over Cap ~~~~Caps & Hats | Caps~~~NO~~~~Heavy Brushed Cotton~~~AH005.jpg~~~~Beige-Navy, Navy-Beige~~~~~~~~~~~~~~1 Position~Medium~Embroidery~~~~~25~11.68~50~9.52~100~8.67~250~8.15~~~~~~~~~~~75.00~~~~~~~~~~~~~
330~~Headwear Stock Grace Collection Products Catalogue V5~~~~14MAH010~Heavy Brushed Cotton Suede Peak Cap ~~~~Caps & Hats | Caps~~~NO~~~~Heavy Brushed Cotton~~~AH010.jpg~~~~Black-Tan, Bottle-Tan, Navy-Tan, Black, Navy~~~~~~~~~~~~~~1 Position~Medium~Embroidery~~~~~25~12.02~50~9.86~100~9.00~250~8.47~~~~~~~~~~~75.00~~~~~~~~~~~~~
331~~Headwear Stock Grace Collection Products Catalogue V6~~~~14MAH011~Unstructured HBC Suede Peak Cap ~~~~Caps & Hats | Caps~~~NO~~~~Heavy Brushed Cotton~~~AH011.jpg~~~~Black-Tan, Navy-Tan~~~~~~~~~~~~~~1 Position~Medium~Embroidery~~~~~25~12.02~50~9.86~100~9.00~250~8.47~~~~~~~~~~~75.00~~~~~~~~~~~~~
332~~Headwear Stock Grace Collection Products Catalogue V7~~~~14MAH012~Heavy Brushed Cotton Suede Trim Cap ~~~~Caps & Hats | Caps~~~NO~~~~Heavy Brushed Cotton~~~AH012.jpg~~~~Black-Tan, Navy-Tan~~~~~~~~~~~~~~1 Position~Medium~Embroidery~~~~~25~11.94~50~9.77~100~8.92~250~8.39~~~~~~~~~~~75.00~~~~~~~~~~~~~
333~~Headwear Stock Grace Collection Products Catalogue V8~~~~14MAH014~Splash Cap ~~~~Caps & Hats | Caps~~~NO~~~~Heavy Brushed Cotton~~~AH014.jpg~~~~Red-Royal-Sky-White, Royal-Royal-Sky-White, Navy-Royal-Sky-White, Black-Royal-Sky-White~~~~~~~~~~~~~~1 Position~Medium~Embroidery~~~~~25~13.15~50~10.99~100~10.08~250~9.52~~~~~~~~~~~75.00~~~~~~~~~~~~~
334~~Headwear Stock Grace Collection Products Catalogue V9~~~~14MAH016~Carbon~~~~Caps & Hats | Caps~~~NO~~~~Heavy Brushed Cotton/ Carbon Vinyl~~~AH016.jpg~~~~Black-black, Navy-Navy, Navy-Gold~~~~~~~~~~~~~~1 Position~Medium~Embroidery~~~~~25~13.67~50~11.50~100~10.58~250~10.00~~~~~~~~~~~75.00~~~~~~~~~~~~~
335~~Headwear Stock Grace Collection Products Catalogue V10~~~~14MAH022~Unstructured HBC Cap ~~~~Caps & Hats | Caps~~~NO~~~~Heavy Brushed Cotton~~~AH022.jpg~~~~Black, White, Navy~~~~~~~~~~~~~~1 Position~Medium~Embroidery~~~~~25~11.07~50~8.91~100~8.39~250~7.58~~~~~~~~~~~75.00~~~~~~~~~~~~~
336~~Headwear Stock Grace Collection Products Catalogue V11~~~~14MAH024~HBC Sandwich Peak Cap ~~~~Caps & Hats | Caps~~~NO~~~~Heavy Brushed Cotton~~~AH024.jpg~~~~Black-Aqua, Black-Gold, Black-Orange, Black-Red, Black-White, Bottle-Gold, Bottle-White, Navy-Gold, Navy-White, Navy-Red, Red-White, Royal-White~~~~~~~~~~~~~~1 Position~Medium~Embroidery~~~~~25~11.59~50~9.43~100~8.58~250~8.06~~~~~~~~~~~75.00~~~~~~~~~~~~~
337~~Headwear Stock Grace Collection Products Catalogue V12~~~~14MAH026~Sienna~~~~Caps & Hats | Caps~~~NO~~~~Heavy Brushed Cotton/ Mesh Knit~~~AH026.jpg~~~~Navy-White, Navy-Grey, Black-White, Black-Grey~~~~~~~~~~~~~~1 Position~Medium~Embroidery~~~~~25~13.75~50~11.59~100~10.67~250~10.08~~~~~~~~~~~75.00~~~~~~~~~~~~~
338~~Headwear Stock Grace Collection Products Catalogue V13~~~~14MAH028~Langdon Cap ~~~~Caps & Hats | Caps~~~NO~~~~Heavy Brushed Cotton~~~AH028.jpg~~~~Black-White-Red, Black-White-Aussie Gold, Deep Grey-White-Black, Navy-White-Aussie Gold, Navy-White-Red, Navy-White-Sky, Royal-White-Aussie Gold, Black-White-Grey~~~~~~~~~~~~~~1 Position~Medium~Embroidery~~~~~25~12.80~50~10.64~100~9.75~250~9.19~~~~~~~~~~~75.00~~~~~~~~~~~~~
339~~Headwear Stock Grace Collection Products Catalogue V14~~~~14MAH030~HBC Double Piping Cap ~~~~Caps & Hats | Caps~~~NO~~~~Heavy Brushed Cotton~~~AH030.jpg~~~~Bottle-White, Lime-Black, Maroon-White, Navy-White, Navy-Gold~~~~~~~~~~~~~~1 Position~Medium~Embroidery~~~~~25~11.76~50~9.60~100~8.75~250~8.23~~~~~~~~~~~75.00~~~~~~~~~~~~~
340~~Headwear Stock Grace Collection Products Catalogue V15~~~~14MAH038~Lightning Cap ~~~~Caps & Hats | Caps~~~NO~~~~Heavy Brushed Cotton~~~AH038_A.jpg, AH038_B.jpg~~~~Black-Yellow-Red, Black-Royal-White~~~~~~~~~~~~~~1 Position~Medium~Embroidery~~~~~25~15.14~50~12.98~100~12.00~250~11.37~~~~~~~~~~~75.00~~~~~~~~~~~~~
341~~Headwear Stock Grace Collection Products Catalogue V16~~~~14MAH047~Cotton Twill Cap ~~~~Caps & Hats | Caps~~~NO~~~~100% Cotton~~~AH047.jpg~~~~Black, Navy~~~~~~~~~~~~~~1 Position~Medium~Embroidery~~~~~25~10.64~50~8.48~100~7.96~250~7.18~~~~~~~~~~~75.00~~~~~~~~~~~~~
342~~Headwear Stock Grace Collection Products Catalogue V17~~~~14MAH048~Cruz~~~~Caps & Hats | Caps~~~NO~~~~Heavy Brushed Cotton~~~AH048.jpg~~~~Royal-Aussie Gold, Navy-White, Black-Lime, Black-Red~~~~~~~~~~~~~~1 Position~Medium~Embroidery~~~~~25~12.98~50~10.81~100~9.92~250~9.35~~~~~~~~~~~75.00~~~~~~~~~~~~~
343~~Headwear Stock Grace Collection Products Catalogue V18~~~~14MAH063~Global Cap~~~~Caps & Hats | Caps~~~NO~~~~Heavy Brushed Cotton~~~AH063.jpg~~~~Black-White-Charcoal-Silver, Navy-White-Charcoal-Silver~~~~~~~~~~~~~~1 Position~Medium~Embroidery~~~~~25~12.98~50~10.81~100~9.92~250~9.35~~~~~~~~~~~75.00~~~~~~~~~~~~~
344~~Headwear Stock Grace Collection Products Catalogue V19~~~~14MAH069~Camo 6-Panel Cap~~~~Caps & Hats | Caps~~~NO~~~~100% Cotton with Mesh Backing~~~AH069.jpg~~~~Army Green, Desert Brown, Desert Grey~~~~~~~~~~~~~~1 Position~Medium~Embroidery~~~~~25~13.23~50~11.07~100~10.17~250~9.60~~~~~~~~~~~75.00~~~~~~~~~~~~~
345~~Headwear Stock Grace Collection Products Catalogue V20~~~~14MAH070~Wool Blend Cap ~~~~Caps & Hats | Caps~~~NO~~~~Wool/Acrylic Material~~~AH070.jpg~~~~Black, Navy~~~~~~~~~~~~~~1 Position~Medium~Embroidery~~~~~25~13.41~50~11.25~100~10.33~250~9.76~~~~~~~~~~~75.00~~~~~~~~~~~~~
346~~Headwear Stock Grace Collection Products Catalogue V21~~~~14MAH082~Madison Cap ~~~~Caps & Hats | Caps~~~NO~~~~Heavy Brushed Cotton~~~AH082.jpg~~~~Black-Red, Black-White, Bottle-Gold, Navy-Red, Navy-White, Royal-Gold~~~~~~~~~~~~~~1 Position~Medium~Embroidery~~~~~25~12.28~50~10.12~100~9.25~250~8.71~~~~~~~~~~~75.00~~~~~~~~~~~~~
347~~Headwear Stock Grace Collection Products Catalogue V22~~~~14MAH085~Merlin Cap~~~~Caps & Hats | Caps~~~NO~~~~Heavy Brushed Cotton~~~AH085.jpg~~~~Royal-White-Navy, Black-White-Orange, Black-White-Red, Bottle-White-Gold, Charcoal-White-Black, Navy-White-Sky, Navy-White-Red, Royal-White-Black~~~~~~~~~~~~~~1 Position~Medium~Embroidery~~~~~25~11.94~50~9.77~100~8.92~250~8.39~~~~~~~~~~~75.00~~~~~~~~~~~~~
348~~Headwear Stock Grace Collection Products Catalogue V23~~~~14MAH087~Cassia~~~~Caps & Hats | Caps~~~NO~~~~Heavy Brushed Cotton~~~AH087.jpg~~~~Aussie Gold, Royal, Black, White~~~~~~~~~~~~~~1 Position~Medium~Embroidery~~~~~25~13.58~50~11.42~100~10.50~250~9.92~~~~~~~~~~~75.00~~~~~~~~~~~~~
349~~Headwear Stock Grace Collection Products Catalogue V24~~~~14MAH095~HBC Rotated Panel Cap~~~~Caps & Hats | Caps~~~NO~~~~Heavy Brushed Cotton~~~AH095.jpg~~~~Black-Gold, Black-Red, Black-White, Bottle-Gold, Natural-Navy, Navy-Gold, Navy-Red, Navy-White, Royal-White, Red-White~~~~~~~~~~~~~~1 Position~Medium~Embroidery~~~~~25~11.42~50~9.26~100~8.42~250~7.90~~~~~~~~~~~75.00~~~~~~~~~~~~~
350~~Headwear Stock Grace Collection Products Catalogue V25~~~~14MAH097~Acrylic Two-Tone Beanie~~~~Caps & Hats | Beanies~~~NO~~~~100% Acrylic~~~AH097.jpg~~~~Black, Navy, Navy-White, Navy-Gold, Navy-Sky, Black-Red, Royal-Black, Grey-Black~~~~~~~~~~~~~~1 Position~Medium~Embroidery~~~~~25~10.81~50~8.65~100~8.13~250~7.34~~~~~~~~~~~75.00~~~~~~~~~~~~~
351~~Headwear Stock Grace Collection Products Catalogue V26~~~~14MAH123~Bullshorn~~~~Caps & Hats | Caps~~~NO~~~~Heavy Brushed Cotton~~~AH123.jpg~~~~White-Black, Black-Gold, Navy-White~~~~~~~~~~~~~~1 Position~Medium~Embroidery~~~~~25~12.02~50~9.86~100~9.00~250~8.47~~~~~~~~~~~75.00~~~~~~~~~~~~~
352~~Headwear Stock Grace Collection Products Catalogue V27~~~~14MAH125~PET/Cotton Cap~~~~Caps & Hats | Caps~~~NO~~~~PET/ Cotton~~~AH125_A.jpg, AH125_B.jpg ~~~~Royal, Black, Navy, White~~~~~~~~~~~~~~1 Position~Medium~Embroidery~~~~~25~13.58~50~11.42~100~10.50~250~9.92~~~~~~~~~~~75.00~~~~~~~~~~~~~
353~~Headwear Stock Grace Collection Products Catalogue V28~~~~14MAH126~PET/Cotton Sandwich Cap~~~~Caps & Hats | Caps~~~NO~~~~PET/ Cotton~~~AH126_A.jpg, AH126_B.jpg~~~~Royal-White, Black-White, Navy-White, White-Navy~~~~~~~~~~~~~~1 Position~Medium~Embroidery~~~~~25~13.84~50~11.68~100~10.75~250~10.16~~~~~~~~~~~75.00~~~~~~~~~~~~~
354~~Headwear Stock Grace Collection Products Catalogue V29~~~~14MAH127~Organic Cotton Sandwich Cap~~~~Caps & Hats | Caps~~~NO~~~~Organic Cotton~~~AH127_A.jpg, AH127_B.jpg~~~~Black-White, Navy-White, White-Navy~~~~~~~~~~~~~~1 Position~Medium~Embroidery~~~~~25~15.14~50~12.98~100~12.00~250~11.37~~~~~~~~~~~75.00~~~~~~~~~~~~~
355~~Headwear Stock Grace Collection Products Catalogue V30~~~~14MAH128~Organic Cotton Cap~~~~Caps & Hats | Caps~~~NO~~~~Organic Cotton~~~AH128_A.jpg, AH128_B.jpg~~~~Black, Navy, White~~~~~~~~~~~~~~1 Position~Medium~Embroidery~~~~~25~14.88~50~12.72~100~11.75~250~11.13~~~~~~~~~~~75.00~~~~~~~~~~~~~
356~~Headwear Stock Grace Collection Products Catalogue V31~~~~14MAH129~Enzyme Washed Cap with Sandwich~~~~Caps & Hats | Caps~~~NO~~~~100% Washed Cotton~~~AH129_A.jpg, AH129_B.jpg.jpg~~~~Black-Khaki, Navy-Khaki, Red-Navy, Khaki-Navy~~~~~~~~~~~~~~1 Position~Medium~Embroidery~~~~~25~12.98~50~10.81~100~9.92~250~9.35~~~~~~~~~~~75.00~~~~~~~~~~~~~
357~~Headwear Stock Grace Collection Products Catalogue V32~~~~14MAH130~Enzyme Washed Cap~~~~Caps & Hats | Caps~~~NO~~~~100% Washed Cotton~~~AH130.jpg~~~~Black, Navy, Khaki, Bottle, Red, Orange~~~~~~~~~~~~~~1 Position~Medium~Embroidery~~~~~25~12.63~50~10.47~100~9.58~250~9.03~~~~~~~~~~~75.00~~~~~~~~~~~~~
358~~Headwear Stock Grace Collection Products Catalogue V33~~~~14MAH131~Asphalt Cap~~~~Caps & Hats | Caps~~~NO~~~~Heavy Brushed Cotton~~~AH131.jpg~~~~Red, Black, Navy, Royal~~~~~~~~~~~~~~1 Position~Medium~Embroidery~~~~~25~14.62~50~12.46~100~11.50~250~10.89~~~~~~~~~~~75.00~~~~~~~~~~~~~
359~~Headwear Stock Grace Collection Products Catalogue V34~~~~14MAH133~Boa~~~~Caps & Hats | Caps~~~NO~~~~Heavy Brushed Cotton~~~AH133.jpg~~~~Dark Grey-White-Black, Black-White- Aussie Gold, Royal-White-black, Navy-White-Sky~~~~~~~~~~~~~~1 Position~Medium~Embroidery~~~~~25~15.22~50~13.06~100~12.08~250~11.45~~~~~~~~~~~75.00~~~~~~~~~~~~~
360~~Headwear Stock Grace Collection Products Catalogue V35~~~~14MAH134~Snap~~~~Caps & Hats | Caps~~~NO~~~~Classic Poly Twill with mesh backing~~~AH134.jpg~~~~White-Navy, White-Black, White-Pink, Red-Black, Royal-black, Grey-Black, Black, Navy~~~~~~~~~~~~~~1 Position~Medium~Embroidery~~~~~25~11.07~50~8.91~100~8.39~250~7.58~~~~~~~~~~~75.00~~~~~~~~~~~~~
361~~Headwear Stock Grace Collection Products Catalogue V36~~~~14MAH138~Quantum~~~~Caps & Hats | Caps~~~NO~~~~Heavy Brushed Cotton~~~AH138.jpg~~~~Black-White-Red, Black-Dark Grey-White, Navy-Sky-White~~~~~~~~~~~~~~1 Position~Medium~Embroidery~~~~~25~13.49~50~11.33~100~10.42~250~9.84~~~~~~~~~~~75.00~~~~~~~~~~~~~
362~~Headwear Stock Grace Collection Products Catalogue V37~~~~14MAH139~Snap (kids Size)~~~~Caps & Hats | Caps~~~NO~~~~Classic Poly Twill with mesh backing~~~AH139.jpg~~~~White-Navy, White-Black, White-Pink, Red-Black, Royal-black, Grey-Black, Black, Navy~~~~~~~~~~~~~~1 Position~Medium~Embroidery~~~~~25~11.07~50~8.91~100~8.39~250~7.58~~~~~~~~~~~75.00~~~~~~~~~~~~~
363~~Headwear Stock Grace Collection Products Catalogue V38~~~~14MAH140~Sports Polymesh Cap~~~~Caps & Hats | Caps~~~NO~~~~Polymesh~~~AH140.jpg~~~~Black, Navy, White~~~~~~~~~~~~~~1 Position~Medium~Embroidery~~~~~25~12.54~50~10.38~100~9.50~250~8.95~~~~~~~~~~~75.00~~~~~~~~~~~~~
364~~Headwear Stock Grace Collection Products Catalogue V39~~~~14MAH142~Mamba~~~~Caps & Hats | Caps~~~NO~~~~Classic Poly Twill   ~~~AH142.jpg~~~~Digital Camo Green, Digital Camo Grey, Camo Army Green, Camo Army Grey, Navy-Aussie Flag~~~~~~~~~~~~~~1 Position~Medium~Embroidery~~~~~25~11.94~50~9.77~100~8.92~250~8.39~~~~~~~~~~~75.00~~~~~~~~~~~~~
365~~Headwear Stock Grace Collection Products Catalogue V40~~~~14MAH143~Mamba~~~~Caps & Hats | Caps~~~NO~~~~Classic Poly Twill   ~~~AH142.jpg~~~~Fluro Green-Black, Fluro Orange- Black, Black, Navy, White~~~~~~~~~~~~~~1 Position~Medium~Embroidery~~~~~25~11.42~50~9.26~100~8.42~250~7.90~~~~~~~~~~~75.00~~~~~~~~~~~~~
366~~Headwear Stock Grace Collection Products Catalogue V41~~~~14MAH143~Kiran~~~~Caps & Hats | Caps~~~NO~~~~Heavy Brushed Cotton~~~AH143.jpg~~~~White-Dark Grey-Black, Black-White-Red, Navy-White-Sky~~~~~~~~~~~~~~1 Position~Medium~Embroidery~~~~~25~12.98~50~10.81~100~9.92~250~9.35~~~~~~~~~~~75.00~~~~~~~~~~~~~
367~~Headwear Stock Grace Collection Products Catalogue V42~~~~14MAH145~Summit Cap~~~~Caps & Hats | Caps~~~NO~~~~Microfibre/Mesh Knit~~~AH145.jpg~~~~White-Black, Navy-White, Black-Orange, Black-Red~~~~~~~~~~~~~~1 Position~Medium~Embroidery~~~~~25~12.80~50~10.64~100~9.75~250~9.19~~~~~~~~~~~75.00~~~~~~~~~~~~~
368~~Headwear Stock Grace Collection Products Catalogue V43~~~~14MAH150~PQ Mesh Plain Sandwich Design Cap~~~~Caps & Hats | Caps~~~NO~~~~PQ Mesh~~~AH150.jpg~~~~Black, Maroon, Red, Royal, Navy, White, Fluro Orange, Fluro Yellow, Black-Red, Navy-White, Fluro Orange-Black, Fluro Yellow-Black~~~~~~~~~~~~~~1 Position~Medium~Embroidery~~~~~25~12.80~50~10.64~100~9.75~250~9.19~~~~~~~~~~~75.00~~~~~~~~~~~~~
369~~Headwear Stock Grace Collection Products Catalogue V44~~~~14MAH152~Ascent~~~~Caps & Hats | Caps~~~NO~~~~Heavy Brushed Cotton~~~AH152.jpg~~~~Black-White-Hot Pink, Beige-White-Black, Charcoal-White-Black, Navy-White-Dark Grey, Royal-White-Gold~~~~~~~~~~~~~~1 Position~Medium~Embroidery~~~~~25~13.75~50~11.59~100~10.67~250~10.08~~~~~~~~~~~75.00~~~~~~~~~~~~~
370~~Headwear Stock Grace Collection Products Catalogue V45~~~~14MAH153~Corus Cap~~~~Caps & Hats | Caps~~~NO~~~~Premium Heathered Fabric with Comfort Mesh~~~AH153.jpg~~~~Navy, Marble, Black, Grey, Red, Royal~~~~~~~~~~~~~~1 Position~Medium~Embroidery~~~~~25~15.40~50~13.23~100~12.25~250~11.61~~~~~~~~~~~75.00~~~~~~~~~~~~~
371~~Headwear Stock Grace Collection Products Catalogue V46~~~~14MAH155~Heavy Cotton Spandex Fitted Cap~~~~Caps & Hats | Caps~~~NO~~~~Heavy Cotton Spandex~~~AH155.jpg~~~~Black, Red, Royal, White, Navy~~~~~~~~~~~~~~1 Position~Medium~Embroidery~~~~~25~14.19~50~12.02~100~11.08~250~10.48~~~~~~~~~~~75.00~~~~~~~~~~~~~
372~~Headwear Stock Grace Collection Products Catalogue V47~~~~14MAH156~Glow~~~~Caps & Hats | Caps~~~NO~~~~Premium Cotton Twill~~~AH156.jpg~~~~White-Star, White-Flourish~~~~~~~~~~~~~~1 Position~Medium~Embroidery~~~~~25~16.95~50~14.79~100~13.75~250~13.06~~~~~~~~~~~75.00~~~~~~~~~~~~~
373~~Headwear Stock Grace Collection Products Catalogue V48~~~~14MAH158~Waffle Mesh Cap~~~~Caps & Hats | Caps~~~NO~~~~Waffle Mesh~~~AH158.jpg~~~~Silver, Navy, White~~~~~~~~~~~~~~1 Position~Medium~Embroidery~~~~~25~13.49~50~11.33~100~10.42~250~9.84~~~~~~~~~~~75.00~~~~~~~~~~~~~
374~~Headwear Stock Grace Collection Products Catalogue V49~~~~14MAH159~Cazamataz Cap~~~~Caps & Hats | Caps~~~NO~~~~Premium Heathered Fabric with Comfort Mesh~~~AH159.jpg~~~~Navy, Marble, Black, Grey, Red, Royal~~~~~~~~~~~~~~1 Position~Medium~Embroidery~~~~~25~14.71~50~12.54~100~11.58~250~10.97~~~~~~~~~~~75.00~~~~~~~~~~~~~
375~~Headwear Stock Grace Collection Products Catalogue V50~~~~14MAH160~Keynote Cap~~~~Caps & Hats | Caps~~~NO~~~~Heavy Brushed Cotton/Comfort Mesh~~~AH160.jpg~~~~Navy-White-Gold, Black-White-Royal~~~~~~~~~~~~~~1 Position~Medium~Embroidery~~~~~25~13.06~50~10.90~100~10.00~250~9.44~~~~~~~~~~~75.00~~~~~~~~~~~~~
376~~Headwear Stock Grace Collection Products Catalogue V51~~~~14MAH165~Visor~~~~Caps & Hats | Caps~~~NO~~~~Brushed Cotton~~~AH165.jpg~~~~Black, Navy, Red, White, Black-Red, Navy-White, Royal-White~~~~~~~~~~~~~~1 Position~Medium~Embroidery~~~~~25~11.25~50~9.08~100~8.56~250~7.74~~~~~~~~~~~75.00~~~~~~~~~~~~~
377~~Headwear Stock Grace Collection Products Catalogue V52~~~~14MAH168~Visor~~~~Caps & Hats | Caps~~~NO~~~~Mesh Knit~~~AH168.jpg~~~~Black-White-Dark Grey, Navy-White-Dark Grey, White-Hot Pink-Pink~~~~~~~~~~~~~~1 Position~Medium~Embroidery~~~~~25~13.49~50~11.33~100~10.42~250~9.84~~~~~~~~~~~75.00~~~~~~~~~~~~~
378~~Headwear Stock Grace Collection Products Catalogue V53~~~~14MAH178~PQ Mesh Fitted Cap~~~~Caps & Hats | Caps~~~NO~~~~PQ Mesh~~~AH178.jpg~~~~Black, Navy, White~~~~~~~~~~~~~~1 Position~Medium~Embroidery~~~~~25~14.53~50~12.37~100~11.42~250~10.81~~~~~~~~~~~75.00~~~~~~~~~~~~~
379~~Headwear Stock Grace Collection Products Catalogue V54~~~~14MAH180~Volcano Cap~~~~Caps & Hats | Caps~~~NO~~~~Heavy Brushed Cotton~~~AH180.jpg~~~~Black-Yellow-Red~~~~~~~~~~~~~~1 Position~Medium~Embroidery~~~~~25~14.53~50~12.37~100~11.42~250~10.81~~~~~~~~~~~75.00~~~~~~~~~~~~~
380~~Headwear Stock Grace Collection Products Catalogue V55~~~~14MAH181~Nordic~~~~Caps & Hats | Caps~~~NO~~~~Heavy Brushed Cotton~~~AH181.jpg~~~~White-Black-Red, Black-White-Royal, Bottle-White-Aussie Gold, Navy-White-Red,  Royal-White-Gold~~~~~~~~~~~~~~1 Position~Medium~Embroidery~~~~~25~13.58~50~11.42~100~10.50~250~9.92~~~~~~~~~~~75.00~~~~~~~~~~~~~
381~~Headwear Stock Grace Collection Products Catalogue V56~~~~14MAH182~Vertek Cap~~~~Caps & Hats | Caps~~~NO~~~~Heavy Brushed Cotton~~~AH182_A.jpg, AH182_B.jpg~~~~Aussie Gold-Bottle, Black-Red, Black-Aussie Gold, Bottle-Aussie Gold, Dark Charcoal-Dark Grey, Dark Grey-Dark Charcoal, Emerald Green-Navy, Jade-White, Maroon-Aussie Gold, Navy-White, Navy-Red, Olive-Lime, Purple-White, Royal-White, Sky-Navy, White-Navy, Red-White, Musk-White~~~~~~~~~~~~~~1 Position~Medium~Embroidery~~~~~25~12.28~50~10.12~100~9.25~250~8.71~~~~~~~~~~~75.00~~~~~~~~~~~~~
382~~Headwear Stock Grace Collection Products Catalogue V57~~~~14MAH185~Wave Cap~~~~Caps & Hats | Caps~~~NO~~~~Heavy Brushed Cotton~~~AH185.jpg~~~~Black-White, Black-Red, Black-Gold, Royal-White, Navy-White, Navy-White-Red, Black-White-Red, Royal-White-Red, Red-White-Black, Royal-White-Black~~~~~~~~~~~~~~1 Position~Medium~Embroidery~~~~~25~13.84~50~11.68~100~10.75~250~10.16~~~~~~~~~~~75.00~~~~~~~~~~~~~
383~~Headwear Stock Grace Collection Products Catalogue V58~~~~14MAH189~Cyclone Cap~~~~Caps & Hats | Caps~~~NO~~~~Heavy Brushed Cotton~~~AH189.jpg~~~~Black-White-Grey-Orange, Black-White-Grey-Red, Bottle-White-Grey-Gold, Maroon-White-Grey-Gold, Navy-White-Grey-Gold, Royal-White-Grey-Black, Royal-White-Grey-Gold, White-Black-Grey-Red~~~~~~~~~~~~~~1 Position~Medium~Embroidery~~~~~25~13.75~50~11.59~100~10.67~250~10.08~~~~~~~~~~~75.00~~~~~~~~~~~~~
384~~Headwear Stock Grace Collection Products Catalogue V59~~~~14MAH200~Miller Cap~~~~Caps & Hats | Caps~~~NO~~~~Heavy Brushed Cotton~~~AH200.jpg~~~~Black-Yellow-Red~~~~~~~~~~~~~~1 Position~Medium~Embroidery~~~~~25~13.23~50~11.07~100~10.17~250~9.60~~~~~~~~~~~75.00~~~~~~~~~~~~~
385~~Headwear Stock Grace Collection Products Catalogue V60~~~~14MAH208~Nevada Cap~~~~Caps & Hats | Caps~~~NO~~~~Heavy Brushed Cotton~~~AH215.jpg~~~~Aussie Gold-Black, Black-Red, Black-Aussie Gold, Navy-White, Royal-Aussie Gold~~~~~~~~~~~~~~1 Position~Medium~Embroidery~~~~~25~12.98~50~10.81~100~9.92~250~9.35~~~~~~~~~~~75.00~~~~~~~~~~~~~
386~~Headwear Stock Grace Collection Products Catalogue V61~~~~14MAH215~Contour Cap~~~~Caps & Hats | Caps~~~NO~~~~Heavy Brushed Cotton~~~AH215.jpg~~~~Black-White-Red, Navy-White-Red, White-Black-Dark Grey, White-Navy-Red, Bottle-Aussie Gold-White, Royal-White-Gold~~~~~~~~~~~~~~1 Position~Medium~Embroidery~~~~~25~12.63~50~10.47~100~9.58~250~9.03~~~~~~~~~~~75.00~~~~~~~~~~~~~
387~~Headwear Stock Grace Collection Products Catalogue V62~~~~14MAH218~Striker Cap~~~~Caps & Hats | Caps~~~NO~~~~Heavy Brushed Cotton~~~AH218.jpg~~~~Black-Gold, Black-Hot Pink, Black-Orange, Black-Red, Black-White, Maroon-Gold, Navy-Gold, Navy-Lime, Navy-Red, Navy-White, Red-White, Royal-Gold, Royal-White~~~~~~~~~~~~~~1 Position~Medium~Embroidery~~~~~25~12.63~50~10.47~100~9.58~250~9.03~~~~~~~~~~~75.00~~~~~~~~~~~~~
388~~Headwear Stock Grace Collection Products Catalogue V63~~~~14MAH219~Trix Cap~~~~Caps & Hats | Caps~~~NO~~~~Heavy Brushed Cotton~~~AH219.jpg~~~~Dark Grey-Charcoal, Navy-White, Black-Red~~~~~~~~~~~~~~1 Position~Medium~Embroidery~~~~~25~12.80~50~10.64~100~9.75~250~9.19~~~~~~~~~~~75.00~~~~~~~~~~~~~
389~~Headwear Stock Grace Collection Products Catalogue V64~~~~14MAH227~HBC Mesh Sides Cap~~~~Caps & Hats | Caps~~~NO~~~~Heavy Brushed Cotton~~~AH227_A.jpg, AH227_B.jpg~~~~Black-Red-White, Navy-Grey-White, White-Navy-Grey, Bottle-Gold-White, Royal-Gold-White, Sky-Navy-White, Red-Black-White, Black-Gold-White~~~~~~~~~~~~~~1 Position~Medium~Embroidery~~~~~25~13.15~50~10.99~100~10.08~250~9.52~~~~~~~~~~~75.00~~~~~~~~~~~~~
390~~Headwear Stock Grace Collection Products Catalogue V65~~~~14MAH230~Heavy Brushed Cotton Cap~~~~Caps & Hats | Caps~~~NO~~~~Heavy Brushed Cotton~~~AH230.jpg~~~~Black, Bottle, Brown, Charcoal, Dark Khaki, Grey, Hot Pink, Lime, Maroon, Royal, Sky, White, Yellow, Natural, Navy, Ochre, Orange, Purple, Red, Jade, Emerald, Olive, Aussie Gold, Dark Grey, Dark Charcoal~~~~~~~~~~~~~~1 Position~Medium~Embroidery~~~~~25~11.07~50~8.91~100~8.39~250~7.58~~~~~~~~~~~75.00~~~~~~~~~~~~~
391~~Headwear Stock Grace Collection Products Catalogue V66~~~~14MAH231~Tiburon Cap~~~~Caps & Hats | Caps~~~NO~~~~Coolde Mesh Knit~~~AH231.jpg~~~~Navy-Dark Grey, Black-Red, Royal-Black, Maroon-Aussie Gold~~~~~~~~~~~~~~1 Position~Medium~Embroidery~~~~~25~13.75~50~11.59~100~10.67~250~10.08~~~~~~~~~~~75.00~~~~~~~~~~~~~
392~~Headwear Stock Grace Collection Products Catalogue V67~~~~14MAH232~HBC Brass Buckle Cap~~~~Caps & Hats | Caps~~~NO~~~~Heavy Brushed Cotton~~~AH232.jpg~~~~Black, Navy~~~~~~~~~~~~~~1 Position~Medium~Embroidery~~~~~25~11.50~50~9.34~100~8.50~250~7.98~~~~~~~~~~~75.00~~~~~~~~~~~~~
393~~Headwear Stock Grace Collection Products Catalogue V68~~~~14MAH235~Hohner Cap~~~~Caps & Hats | Caps~~~NO~~~~Heavy Brushed Cotton/Comfort Mesh~~~AH235.jpg~~~~Black-White, Navy-White, Navy-Sky, Black-Royal, Bottle-Gold~~~~~~~~~~~~~~1 Position~Medium~Embroidery~~~~~25~11.68~50~9.52~100~8.67~250~8.15~~~~~~~~~~~75.00~~~~~~~~~~~~~
394~~Headwear Stock Grace Collection Products Catalogue V69~~~~14MAH238~100% Coolde Cap~~~~Caps & Hats | Caps~~~NO~~~~100% Polyester Coolde with Cotton Back~~~AH238.jpg~~~~Black, Navy, White~~~~~~~~~~~~~~1 Position~Medium~Embroidery~~~~~25~13.23~50~11.07~100~10.17~250~9.60~~~~~~~~~~~75.00~~~~~~~~~~~~~
395~~Headwear Stock Grace Collection Products Catalogue V70~~~~14MAH240~100% RPET Cap~~~~Caps & Hats | Caps~~~NO~~~~100% RPET~~~AH240.jpg~~~~Dark Grey-Black, Black-Red, Navy-White, Sky-Navy~~~~~~~~~~~~~~1 Position~Medium~Embroidery~~~~~25~13.58~50~11.42~100~10.50~250~9.92~~~~~~~~~~~75.00~~~~~~~~~~~~~
396~~Headwear Stock Grace Collection Products Catalogue V71~~~~14MAH242~Celebration Cap~~~~Caps & Hats | Caps~~~NO~~~~Heavy Brushed Cotton~~~AH242.jpg~~~~Black, Navy~~~~~~~~~~~~~~1 Position~Medium~Embroidery~~~~~25~12.89~50~10.73~100~9.83~250~9.27~~~~~~~~~~~75.00~~~~~~~~~~~~~
397~~Headwear Stock Grace Collection Products Catalogue V72~~~~14MAH243~Navigator Cap ~~~~Caps & Hats | Caps~~~NO~~~~Heavy Brushed Cotton~~~AH243.jpg~~~~Black-White-Red, Black-Red-Black, Dark Charcoal-White-Black, Navy-White-Red, Navy-White-Navy, Royal-White-Red, Royal-White-Royal, Sky-White-Navy, Red-White-Black, Bottle-White-Aussie Gold, Jade-White-Jade, Maroon-White-Aussie Gold, Olive-White-Olive, Emerald-Navy-Emerald, Aussie Gold-White-Black, Pink-White-Pink~~~~~~~~~~~~~~1 Position~Medium~Embroidery~~~~~25~12.02~50~9.86~100~9.00~250~8.47~~~~~~~~~~~75.00~~~~~~~~~~~~~
398~~Headwear Stock Grace Collection Products Catalogue V73~~~~14MAH245~Owen Cap~~~~Caps & Hats | Caps~~~NO~~~~Heavy Brushed Cotton~~~AH245_A.jpg, AH245_B.jpg~~~~Black-Aussie Gold, Bottle-Aussie Gold, Dark Grey-Dark Charcoal, Emerald-Navy, Navy-Aussie Gold, Navy-White, Red-Black, White-Royal~~~~~~~~~~~~~~1 Position~Medium~Embroidery~~~~~25~12.46~50~10.29~100~9.42~250~8.87~~~~~~~~~~~75.00~~~~~~~~~~~~~
399~~Headwear Stock Grace Collection Products Catalogue V74~~~~14MAH247~Metric Cap~~~~Caps & Hats | Caps~~~NO~~~~Heavy Brushed Cotton~~~AH247_A.jpg, AH247_B.jpg~~~~Black-White-Red, Bottle-White-Aussie Gold, Navy-White-Aussie Gold, Sky-White-Navy, Musk-White-Hot Pink, Royal-White-Navy~~~~~~~~~~~~~~1 Position~Medium~Embroidery~~~~~25~12.20~50~10.03~100~9.17~250~8.63~~~~~~~~~~~75.00~~~~~~~~~~~~~
400~~Headwear Stock Grace Collection Products Catalogue V75~~~~14MAH253~Viper Cap ~~~~Caps & Hats | Caps~~~NO~~~~Heavy Brushed Cotton~~~AH253.jpg~~~~Black-White-Red, Black-White-Royal, Royal-White-Black, Bottle-White-Aussie Gold, Navy-White-Sky, White-Red-Black, Red-White-Black~~~~~~~~~~~~~~1 Position~Medium~Embroidery~~~~~25~14.62~50~12.46~100~11.50~250~10.89~~~~~~~~~~~75.00~~~~~~~~~~~~~
401~~Headwear Stock Grace Collection Products Catalogue V76~~~~14MAH266~License Cap~~~~Caps & Hats | Caps~~~NO~~~~Heavy Brushed Cotton~~~AH266.jpg~~~~Black-Black, Red-Black~~~~~~~~~~~~~~1 Position~Medium~Embroidery~~~~~25~13.15~50~10.99~100~10.08~250~9.52~~~~~~~~~~~75.00~~~~~~~~~~~~~
402~~Headwear Stock Grace Collection Products Catalogue V77~~~~14MAH279~Executive Cap~~~~Caps & Hats | Caps~~~NO~~~~Heavy Brushed Cotton~~~AH279_A.jpg, AH279_B.jpg~~~~Red-White, Navy-White, Bottle-Gold, Royal-Gold~~~~~~~~~~~~~~1 Position~Medium~Embroidery~~~~~25~13.06~50~10.90~100~10.00~250~9.44~~~~~~~~~~~75.00~~~~~~~~~~~~~
403~~Headwear Stock Grace Collection Products Catalogue V78~~~~14MAH285~School Sports Cap~~~~Caps & Hats | Caps~~~NO~~~~Polyester with Mesh Backing~~~AH285.jpg~~~~Navy, Royal, Bottle, Maroon~~~~~~~~~~~~~~1 Position~Medium~Embroidery~~~~~25~13.06~50~10.90~100~10.00~250~9.44~~~~~~~~~~~75.00~~~~~~~~~~~~~
404~~Headwear Stock Grace Collection Products Catalogue V79~~~~14MAH288~Aero Cap~~~~Caps & Hats | Caps~~~NO~~~~Heavy Brushed Cotton~~~AH288.jpg~~~~Black-White, Royal-White, Red-White~~~~~~~~~~~~~~1 Position~Medium~Embroidery~~~~~25~14.71~50~12.54~100~11.58~250~10.97~~~~~~~~~~~75.00~~~~~~~~~~~~~
405~~Headwear Stock Grace Collection Products Catalogue V80~~~~14MAH291~Runner~~~~Caps & Hats | Caps~~~NO~~~~Microfibre/Mesh~~~AH291.jpg~~~~White-Black, White-Navy, White-White~~~~~~~~~~~~~~1 Position~Medium~Embroidery~~~~~25~13.75~50~11.59~100~10.67~250~10.08~~~~~~~~~~~75.00~~~~~~~~~~~~~
406~~Headwear Stock Grace Collection Products Catalogue V81~~~~14MAH293~Cypress Cap~~~~Caps & Hats | Caps~~~NO~~~~Heavy Brushed Cotton~~~AH293.jpg~~~~Black-Aqua-Lime, Navy-Aqua-Lime~~~~~~~~~~~~~~1 Position~Medium~Embroidery~~~~~25~16.44~50~14.27~100~13.25~250~12.58~~~~~~~~~~~75.00~~~~~~~~~~~~~
407~~Headwear Stock Grace Collection Products Catalogue V82~~~~14MAH295~Trucker Mesh Cap~~~~Caps & Hats | Caps~~~NO~~~~Polyester with Mesh Backing~~~AH295.jpg~~~~Pink, Khaki, Black, Navy, Royal, Sky, White, Brown, White-Brown, White-Bottle, White-Royal, White-Red, White-Navy, White-Black, White-Pink, Grey-Black~~~~~~~~~~~~~~1 Position~Medium~Embroidery~~~~~25~10.90~50~8.74~100~8.22~250~7.42~~~~~~~~~~~75.00~~~~~~~~~~~~~
408~~Headwear Stock Grace Collection Products Catalogue V83~~~~14MAH296~Camouflage Truck Cap~~~~Caps & Hats | Caps~~~NO~~~~Polyester with Mesh Backing~~~AH296.jpg~~~~Army Green-Brown, Orange-Yellow, Sky-Navy~~~~~~~~~~~~~~1 Position~Medium~Embroidery~~~~~25~12.63~50~10.47~100~9.58~250~9.03~~~~~~~~~~~75.00~~~~~~~~~~~~~
409~~Headwear Stock Grace Collection Products Catalogue V84~~~~14MAH300~Emporer Cap~~~~Caps & Hats | Caps~~~NO~~~~Heavy Brushed Cotton~~~AH300.jpg~~~~Black-White, Navy-White, Black-White-Red, Royal-Black-White~~~~~~~~~~~~~~1 Position~Medium~Embroidery~~~~~25~15.48~50~13.32~100~12.33~250~11.69~~~~~~~~~~~75.00~~~~~~~~~~~~~
410~~Headwear Stock Grace Collection Products Catalogue V85~~~~14MAH310~HBC Two-Tone Cap~~~~Caps & Hats | Caps~~~NO~~~~Heavy Brushed Cotton~~~AH310.jpg~~~~Black-Red, Charcoal-Black, Natural-Bottle, Natural-Navy, Navy-Red, Red-Black, White-Navy, White-Royal~~~~~~~~~~~~~~1 Position~Medium~Embroidery~~~~~25~11.07~50~8.91~100~8.39~250~7.58~~~~~~~~~~~75.00~~~~~~~~~~~~~
411~~Headwear Stock Grace Collection Products Catalogue V86~~~~14MAH312~Maia Cap~~~~Caps & Hats | Caps~~~NO~~~~Heavy Brushed Cotton~~~AH312.jpg~~~~Black-Red, Bottle-Gold, Navy-White, Royal-Black, Red-Black~~~~~~~~~~~~~~1 Position~Medium~Embroidery~~~~~25~11.50~50~9.34~100~8.50~250~7.98~~~~~~~~~~~75.00~~~~~~~~~~~~~
412~~Headwear Stock Grace Collection Products Catalogue V87~~~~14MAH315~HBC Sandwich Surround Cap~~~~Caps & Hats | Caps~~~NO~~~~Heavy Brushed Cotton~~~AH315.jpg~~~~Black-Gold, Black-Orange, Black-Red, Black-White, Bottle-Gold, Bottle-White, Charcoal-Black, Maroon-Gold, Natural-Navy, Navy-Gold, Navy-Khaki, Navy-Red, Navy-White, Ochre-Black, Orange-Black, Red-Black, Red-White, Royal-Gold, Royal-White, Sky-Navy, White-Black, Yellow-Black~~~~~~~~~~~~~~1 Position~Medium~Embroidery~~~~~25~11.59~50~9.43~100~8.58~250~8.06~~~~~~~~~~~75.00~~~~~~~~~~~~~
413~~Headwear Stock Grace Collection Products Catalogue V88~~~~14MAH316~Aspire~~~~Caps & Hats | Caps~~~NO~~~~94% polyester/6% spandex/fleece~~~AH316.jpg, AH316_underneath.jpg~~~~Waffle Fleece: Navy-Navy or Black-Black.  Fleece: Navy-Grey or Black-Grey~~~~~~~~~~~~~~1 Position~Medium~Embroidery~~~~~25~15.31~50~13.15~100~12.17~250~11.53~~~~~~~~~~~75.00~~~~~~~~~~~~~
414~~Headwear Stock Grace Collection Products Catalogue V89~~~~14MAH317~JK Cap~~~~Caps & Hats | Caps~~~NO~~~~Premium Heathered Fabric~~~AH317.jpg~~~~Navy, Royal, Bottle, Black, Charcoal, Marble, Purple, Red, Maroon~~~~~~~~~~~~~~1 Position~Medium~Embroidery~~~~~25~14.45~50~12.28~100~11.33~250~10.73~~~~~~~~~~~75.00~~~~~~~~~~~~~
415~~Headwear Stock Grace Collection Products Catalogue V90~~~~14MAH318~Fin Cap~~~~Caps & Hats | Caps~~~NO~~~~Heavy Brushed Cotton~~~AH318.jpg~~~~Black, Navy, Red, Royal, White~~~~~~~~~~~~~~1 Position~Medium~Embroidery~~~~~25~11.94~50~9.77~100~8.92~250~8.39~~~~~~~~~~~75.00~~~~~~~~~~~~~
416~~Headwear Stock Grace Collection Products Catalogue V91~~~~14MAH320~Impulse Cap~~~~Caps & Hats | Caps~~~NO~~~~Heavy Brushed Cotton~~~AH320.jpg~~~~Black-Red, Dark Grey-Black, Aqua-Black, Navy-White~~~~~~~~~~~~~~1 Position~Medium~Embroidery~~~~~25~12.11~50~9.95~100~9.08~250~8.55~~~~~~~~~~~75.00~~~~~~~~~~~~~
417~~Headwear Stock Grace Collection Products Catalogue V92~~~~14MAH325~Bondi Cap~~~~Caps & Hats | Caps~~~NO~~~~Heavy Brushed Cotton~~~AH325.jpg~~~~Purple-White-Black, Black-White-Red, Navy-White-Gold, Dark Grey-White-Black, Royal-White-Black~~~~~~~~~~~~~~1 Position~Medium~Embroidery~~~~~25~12.37~50~10.21~100~9.33~250~8.79~~~~~~~~~~~75.00~~~~~~~~~~~~~
418~~Headwear Stock Grace Collection Products Catalogue V93~~~~14MAH327~Idaho Cap~~~~Caps & Hats | Caps~~~NO~~~~Premium Heathered Fabric~~~AH327.jpg~~~~Royal, White, Hot Pink, Grey, Navy~~~~~~~~~~~~~~1 Position~Medium~Embroidery~~~~~25~15.40~50~13.23~100~12.25~250~11.61~~~~~~~~~~~75.00~~~~~~~~~~~~~
419~~Headwear Stock Grace Collection Products Catalogue V94~~~~14MAH328~Sab Cap~~~~Caps & Hats | Caps~~~NO~~~~Premium Heathered Fabric with Comfort Mesh~~~AH328.jpg~~~~Grey, Navy, White, Royal, Fluoro Green, Fluoro Orange~~~~~~~~~~~~~~1 Position~Medium~Embroidery~~~~~25~14.71~50~12.54~100~11.58~250~10.97~~~~~~~~~~~75.00~~~~~~~~~~~~~
420~~Headwear Stock Grace Collection Products Catalogue V95~~~~14MAH330~Tribeca Cap~~~~Caps & Hats | Caps~~~NO~~~~Heavy Brushed Cotton~~~AH330.jpg~~~~White-Black-Red, Black-White-Red, Navy-White-Red, Royal-White-Black, Orange-White-Black~~~~~~~~~~~~~~1 Position~Medium~Embroidery~~~~~25~12.63~50~10.47~100~9.58~250~9.03~~~~~~~~~~~75.00~~~~~~~~~~~~~
421~~Headwear Stock Grace Collection Products Catalogue V96~~~~14MAH333~Diamond Cap~~~~Caps & Hats | Caps~~~NO~~~~Foam & Heavy Brushed Cotton~~~AH333.jpg~~~~White-Black, Black-Black, White-Hot Pink, White-Navy, White-Royal~~~~~~~~~~~~~~1 Position~Medium~Embroidery~~~~~25~12.02~50~9.86~100~9.00~250~8.47~~~~~~~~~~~75.00~~~~~~~~~~~~~
422~~Headwear Stock Grace Collection Products Catalogue V97~~~~14MAH335~HBC Trim Design Cap ~~~~Caps & Hats | Caps~~~NO~~~~Heavy Brushed Cotton~~~AH335.jpg~~~~Aqua-White-Navy, Black-White-Red, Charcoal-White-Black, Dark Khaki-White-Navy, Gold-White-Bottle, Navy-White-Maroon, Navy-White-Red, Royal-White-Black, Sky-White-Navy~~~~~~~~~~~~~~1 Position~Medium~Embroidery~~~~~25~11.94~50~9.77~100~8.92~250~8.39~~~~~~~~~~~75.00~~~~~~~~~~~~~
423~~Headwear Stock Grace Collection Products Catalogue V98~~~~14MAH338~Memphis Cap~~~~Caps & Hats | Caps~~~NO~~~~Heavy Brushed Cotton~~~AH338.jpg~~~~Orange-White-Black, Black-White-Red~~~~~~~~~~~~~~1 Position~Medium~Embroidery~~~~~25~14.45~50~12.28~100~11.33~250~10.73~~~~~~~~~~~75.00~~~~~~~~~~~~~
424~~Headwear Stock Grace Collection Products Catalogue V99~~~~14MAH340~Circuit Cap~~~~Caps & Hats | Caps~~~NO~~~~Heavy Brushed Cotton~~~AH340.jpg~~~~Black-White-Aqua, Navy-White-Red, Royal-White-Black~~~~~~~~~~~~~~1 Position~Medium~Embroidery~~~~~25~12.54~50~10.38~100~9.50~250~8.95~~~~~~~~~~~75.00~~~~~~~~~~~~~
425~~Headwear Stock Grace Collection Products Catalogue V100~~~~14MAH349~Torino Cap ~~~~Caps & Hats | Caps~~~NO~~~~Heavy Brushed Cotton~~~AH349.jpg~~~~White-Royal, Black-Red~~~~~~~~~~~~~~1 Position~Medium~Embroidery~~~~~25~14.88~50~12.72~100~11.75~250~11.13~~~~~~~~~~~75.00~~~~~~~~~~~~~
426~~Headwear Stock Grace Collection Products Catalogue V101~~~~14MAH357~GT Cap~~~~Caps & Hats | Caps~~~NO~~~~Heavy Brushed Cotton~~~AH357.jpg~~~~Royal-Black-White, Black-White-Black~~~~~~~~~~~~~~1 Position~Medium~Embroidery~~~~~25~13.23~50~11.07~100~10.17~250~9.60~~~~~~~~~~~75.00~~~~~~~~~~~~~
427~~Headwear Stock Grace Collection Products Catalogue V102~~~~14MAH363~Aspect Cap~~~~Caps & Hats | Caps~~~NO~~~~Hive Mesh/Trucker Mesh~~~AH363.jpg~~~~Red-Black, Gold-Black, White-Black, Sky-Navy~~~~~~~~~~~~~~1 Position~Medium~Embroidery~~~~~25~12.46~50~10.29~100~9.42~250~8.87~~~~~~~~~~~75.00~~~~~~~~~~~~~
428~~Headwear Stock Grace Collection Products Catalogue V103~~~~14MAH364~Bling Cap~~~~Caps & Hats | Caps~~~NO~~~~Premium Cotton Twill with Hologram Fabric Insert~~~AH364.jpg~~~~Navy, Black~~~~~~~~~~~~~~1 Position~Medium~Embroidery~~~~~25~13.58~50~11.42~100~10.50~250~9.92~~~~~~~~~~~75.00~~~~~~~~~~~~~
429~~Headwear Stock Grace Collection Products Catalogue V104~~~~14MAH368~Garret Cap~~~~Caps & Hats | Caps~~~NO~~~~Heavy Brushed Cotton/Hive Mesh~~~AH368.jpg~~~~Black-Red-Grey, Black-White-Gold, Navy-White-Sky~~~~~~~~~~~~~~1 Position~Medium~Embroidery~~~~~25~13.41~50~11.25~100~10.33~250~9.76~~~~~~~~~~~75.00~~~~~~~~~~~~~
430~~Headwear Stock Grace Collection Products Catalogue V105~~~~14MAH369~Long Peak Cap~~~~Caps & Hats | Caps~~~NO~~~~Heavy Brushed Cotton~~~AH369.jpg~~~~Black, Beige, Navy, Royal, White~~~~~~~~~~~~~~1 Position~Medium~Embroidery~~~~~25~11.50~50~9.34~100~8.50~250~7.98~~~~~~~~~~~75.00~~~~~~~~~~~~~
431~~Headwear Stock Grace Collection Products Catalogue V106~~~~14MAH370~Wickham Cap~~~~Caps & Hats | Caps~~~NO~~~~Heavy Brushed Cotton~~~AH370_A.jpg, AH370_B.jpg~~~~Black-White-Charcoal, Navy-White-Sky, Red-White-Black, Royal-White-Gold~~~~~~~~~~~~~~1 Position~Medium~Embroidery~~~~~25~12.89~50~10.73~100~9.83~250~9.27~~~~~~~~~~~75.00~~~~~~~~~~~~~
432~~Headwear Stock Grace Collection Products Catalogue V107~~~~14MAH373~Highway Cap~~~~Caps & Hats | Caps~~~NO~~~~Heavy Brushed Cotton~~~AH373.jpg~~~~Black-White-Orange, Black-White-Red, Navy-White-Red, Royal-White-Black, Royal-White-Red~~~~~~~~~~~~~~1 Position~Medium~Embroidery~~~~~25~12.89~50~10.73~100~9.83~250~9.27~~~~~~~~~~~75.00~~~~~~~~~~~~~
433~~Headwear Stock Grace Collection Products Catalogue V108~~~~14MAH381~Kawana Cap~~~~Caps & Hats | Caps~~~NO~~~~Drill Mesh~~~AH381.jpg~~~~Black-White, Navy-White, Grey-Black~~~~~~~~~~~~~~1 Position~Medium~Embroidery~~~~~25~13.58~50~11.42~100~10.50~250~9.92~~~~~~~~~~~75.00~~~~~~~~~~~~~
434~~Headwear Stock Grace Collection Products Catalogue V109~~~~14MAH385~Denver Cap~~~~Caps & Hats | Caps~~~NO~~~~Drill Mesh~~~AH385.jpg~~~~Black, Navy, Grey, Royal, Red, Maroon~~~~~~~~~~~~~~1 Position~Medium~Embroidery~~~~~25~13.23~50~11.07~100~10.17~250~9.60~~~~~~~~~~~75.00~~~~~~~~~~~~~
435~~Headwear Stock Grace Collection Products Catalogue V110~~~~14MAH399~Turin Cap~~~~Caps & Hats | Caps~~~NO~~~~Heavy Brushed Cotton~~~AH399.jpg~~~~Charcoal-Royal-White, Black-Red-White, Navy-Sky-White, Royal-White-Black, Bottle-Aussie Gold-White, Red-Black-Dark Grey, Navy-Red-Aussie Gold~~~~~~~~~~~~~~1 Position~Medium~Embroidery~~~~~25~12.98~50~10.81~100~9.92~250~9.35~~~~~~~~~~~75.00~~~~~~~~~~~~~
436~~Headwear Stock Grace Collection Products Catalogue V111~~~~14MAH400~Patriot Cap~~~~Caps & Hats | Caps~~~NO~~~~Heavy Brushed Cotton~~~AH400.jpg~~~~Sky-White-Navy, Bottle-White-Gold, Royal-White-Black~~~~~~~~~~~~~~1 Position~Medium~Embroidery~~~~~25~13.15~50~10.99~100~10.08~250~9.52~~~~~~~~~~~75.00~~~~~~~~~~~~~
437~~Headwear Stock Grace Collection Products Catalogue V112~~~~14MAH415~HBC Wrap Around Cap~~~~Caps & Hats | Caps~~~NO~~~~Heavy Brushed Cotton~~~AH415.jpg~~~~Black-Gold, Maroon-White, Navy-White, Royal-Gold~~~~~~~~~~~~~~1 Position~Medium~Embroidery~~~~~25~11.94~50~9.77~100~8.92~250~8.39~~~~~~~~~~~75.00~~~~~~~~~~~~~
438~~Headwear Stock Grace Collection Products Catalogue V113~~~~14MAH477~Michigan Cap~~~~Caps & Hats | Caps~~~NO~~~~Heavy Brushed Cotton~~~AH477.jpg~~~~Black-White-Red, Maroon-White-Gold, Navy-White-Navy, Black-White-Lime, Red-White-Black, Sky-White-Navy~~~~~~~~~~~~~~1 Position~Medium~Embroidery~~~~~25~12.11~50~9.95~100~9.08~250~8.55~~~~~~~~~~~75.00~~~~~~~~~~~~~
439~~Headwear Stock Grace Collection Products Catalogue V114~~~~14MAH500~5-Panel Cap~~~~Caps & Hats | Caps~~~NO~~~~100% Cotton~~~AH500.jpg~~~~Black, Navy, Red, Royal, White~~~~~~~~~~~~~~1 Position~Medium~Embroidery~~~~~25~10.73~50~8.56~100~8.04~250~7.26~~~~~~~~~~~75.00~~~~~~~~~~~~~
440~~Headwear Stock Grace Collection Products Catalogue V115~~~~14MAH510~Cosmos Cap~~~~Caps & Hats | Caps~~~NO~~~~Heavy Brushed Cotton~~~AH510.jpg~~~~Black-Gold, Black-Red, Navy-Gold, Navy-White~~~~~~~~~~~~~~1 Position~Medium~Embroidery~~~~~25~13.15~50~10.99~100~10.08~250~9.52~~~~~~~~~~~75.00~~~~~~~~~~~~~
441~~Headwear Stock Grace Collection Products Catalogue V116~~~~14MAH520~Matilda Cap~~~~Caps & Hats | Caps~~~NO~~~~Heavy Brushed Cotton~~~AH520.jpg~~~~Black-Silver, Navy-Silver~~~~~~~~~~~~~~1 Position~Medium~Embroidery~~~~~25~13.23~50~11.07~100~10.17~250~9.60~~~~~~~~~~~75.00~~~~~~~~~~~~~
442~~Headwear Stock Grace Collection Products Catalogue V117~~~~14MAH522~Raceway Cap~~~~Caps & Hats | Caps~~~NO~~~~Heavy Brushed Cotton~~~AH522.jpg~~~~Black-Grey-Red, Black-Grey-Orange~~~~~~~~~~~~~~1 Position~Medium~Embroidery~~~~~25~15.14~50~12.98~100~12.00~250~11.37~~~~~~~~~~~75.00~~~~~~~~~~~~~
443~~Headwear Stock Grace Collection Products Catalogue V118~~~~14MAH525~Adventure Cap~~~~Caps & Hats | Caps~~~NO~~~~Heavy Brushed Cotton~~~AH525.jpg~~~~Black-White-Red, Bottle-White-Red, Maroon-White-Navy, Navy-White-Grey, Navy-White-Red, Navy-White-Sky, Royal-White-Black, White-Red-Black~~~~~~~~~~~~~~1 Position~Medium~Embroidery~~~~~25~12.89~50~10.73~100~9.83~250~9.27~~~~~~~~~~~75.00~~~~~~~~~~~~~
444~~Headwear Stock Grace Collection Products Catalogue V119~~~~14MAH530~Hybrid Cap~~~~Caps & Hats | Caps~~~NO~~~~Heavy Brushed Cotton~~~AH530_A.jpg, AH530_B.jpg~~~~Black-Red, Navy-White, White-Navy~~~~~~~~~~~~~~1 Position~Medium~Embroidery~~~~~25~12.54~50~10.38~100~9.50~250~8.95~~~~~~~~~~~75.00~~~~~~~~~~~~~
445~~Headwear Stock Grace Collection Products Catalogue V120~~~~14MAH533~Collier Cap~~~~Caps & Hats | Caps~~~NO~~~~Heavy Brushed Cotton~~~AH533.jpg~~~~Black-Gold, Black-Red, Maroon-White, Navy-Gold, Navy-White, Royal-White~~~~~~~~~~~~~~1 Position~Medium~Embroidery~~~~~25~13.06~50~10.90~100~10.00~250~9.44~~~~~~~~~~~75.00~~~~~~~~~~~~~
446~~Headwear Stock Grace Collection Products Catalogue V121~~~~14MAH535~Native Cap~~~~Caps & Hats | Caps~~~NO~~~~Heavy Brushed Cotton~~~AH535.jpg~~~~Black-Red, Ochre-Black, Navy-White~~~~~~~~~~~~~~1 Position~Medium~Embroidery~~~~~25~12.11~50~9.95~100~9.08~250~8.55~~~~~~~~~~~75.00~~~~~~~~~~~~~
447~~Headwear Stock Grace Collection Products Catalogue V122~~~~14MAH545~Prefect Cap~~~~Caps & Hats | Caps~~~NO~~~~Heavy Brushed Cotton~~~AH545.jpg~~~~White-Red, Black-White, Beige-Navy, Navy-White~~~~~~~~~~~~~~1 Position~Medium~Embroidery~~~~~25~12.80~50~10.64~100~9.75~250~9.19~~~~~~~~~~~75.00~~~~~~~~~~~~~
448~~Headwear Stock Grace Collection Products Catalogue V123~~~~14MAH575~Phoenix Cap~~~~Caps & Hats | Caps~~~NO~~~~Heavy Brushed Cotton~~~AH575.jpg~~~~Black-White, Navy-White~~~~~~~~~~~~~~1 Position~Medium~Embroidery~~~~~25~12.28~50~10.12~100~9.25~250~8.71~~~~~~~~~~~75.00~~~~~~~~~~~~~
449~~Headwear Stock Grace Collection Products Catalogue V124~~~~14MAH600~Kids Cap~~~~Caps & Hats | Caps~~~NO~~~~Mid Brushed Cotton~~~AH600.jpg~~~~Black-Hot Pink, Black-Purple, Black-Teal, Black-Red, Pink, Navy~~~~~~~~~~~~~~1 Position~Medium~Embroidery~~~~~25~11.42~50~9.26~100~8.42~250~7.90~~~~~~~~~~~75.00~~~~~~~~~~~~~
450~~Headwear Stock Grace Collection Products Catalogue V125~~~~14MAH627~Kids Polycotton Legionnaire Cap~~~~Caps & Hats | Caps~~~NO~~~~Polycotton~~~AH627.jpg~~~~Bottle, Gold, Maroon, Navy, Red, Royal~~~~~~~~~~~~~~1 Position~Medium~Embroidery~~~~~25~12.11~50~9.95~100~9.08~250~8.55~~~~~~~~~~~75.00~~~~~~~~~~~~~
451~~Headwear Stock Grace Collection Products Catalogue V126~~~~14MAH631~PQ Mesh Bucket Hat~~~~Caps & Hats | Bucket Hat~~~NO~~~~PQ Mesh~~~AH631.jpg~~~~Navy, Red, White, Fluro Orange, Fluro Yellow~~~~~~~~~~~~~~1 Position~Medium~Embroidery~~~~~25~14.27~50~12.11~100~11.17~250~10.56~~~~~~~~~~~75.00~~~~~~~~~~~~~
452~~Headwear Stock Grace Collection Products Catalogue V127~~~~14MAH640~Kids Cap~~~~Caps & Hats | Caps~~~NO~~~~Heavy Brushed Cotton~~~AH640.jpg~~~~Aqua-Black, Black-Red, Hot Pink-Black, Navy-White, Purple-Black, Red-Black~~~~~~~~~~~~~~1 Position~Medium~Embroidery~~~~~25~11.59~50~9.43~100~8.58~250~8.06~~~~~~~~~~~75.00~~~~~~~~~~~~~
453~~Headwear Stock Grace Collection Products Catalogue V128~~~~14MAH650~Trilby Hat~~~~Caps & Hats | Bucket Hat~~~NO~~~~100% Cotton~~~AH650.jpg~~~~Black, Charcoal~~~~~~~~~~~~~~1 Position~Medium~Embroidery~~~~~25~15.40~50~13.23~100~12.25~250~11.61~~~~~~~~~~~75.00~~~~~~~~~~~~~
454~~Headwear Stock Grace Collection Products Catalogue V129~~~~14MAH678~Microfibre Bucket Hat~~~~Caps & Hats | Bucket Hat~~~NO~~~~Microfibre~~~AH678.jpg~~~~Black-Red, Natural-Navy, Navy-Natural~~~~~~~~~~~~~~1 Position~Medium~Embroidery~~~~~25~13.49~50~11.33~100~10.42~250~9.84~~~~~~~~~~~75.00~~~~~~~~~~~~~
455~~Headwear Stock Grace Collection Products Catalogue V130~~~~14MAH690~Polyviscose Bucket Hat~~~~Caps & Hats | Bucket Hat~~~NO~~~~Heavy Brushed Cotton~~~AH690.jpg~~~~Navy, Royal, Bottle, Maroon~~~~~~~~~~~~~~1 Position~Medium~Embroidery~~~~~25~16.26~50~14.10~100~13.08~250~12.42~~~~~~~~~~~75.00~~~~~~~~~~~~~
456~~Headwear Stock Grace Collection Products Catalogue V131~~~~14MAH695~Bucket Hat Sandwich Design~~~~Caps & Hats | Bucket Hat~~~NO~~~~Heavy Brushed Cotton~~~AH695.jpg~~~~Maroon-Navy, Ochre-Black, Black-Gold, Black-Red, Black-White, Bottle-Gold, Charcoal-Black, Maroon-Gold, Natural-Navy, Navy-Gold, Navy-Red, Navy-White, Orange-Black, Red-Black, Red-White, Royal-White, Royal-Gold, Sky-Navy, White-Black~~~~~~~~~~~~~~1 Position~Medium~Embroidery~~~~~25~13.23~50~11.07~100~10.17~250~9.60~~~~~~~~~~~75.00~~~~~~~~~~~~~
457~~Headwear Stock Grace Collection Products Catalogue V132~~~~14MAH697~Ladies Hat~~~~Caps & Hats | Bucket Hat~~~NO~~~~Premium Cotton Twill~~~AH697_A.jpg, AH697_B.jpg~~~~Navy, Pink, White~~~~~~~~~~~~~~1 Position~Medium~Embroidery~~~~~25~16.78~50~14.62~100~13.58~250~12.90~~~~~~~~~~~75.00~~~~~~~~~~~~~
458~~Headwear Stock Grace Collection Products Catalogue V133~~~~14MAH702~Slouch Hat~~~~Caps & Hats |Wide Brim Hats~~~NO~~~~Polycotton~~~AH702.jpg~~~~Royal, Navy~~~~~~~~~~~~~~1 Position~Medium~Embroidery~~~~~25~15.48~50~13.32~100~12.33~250~11.69~~~~~~~~~~~75.00~~~~~~~~~~~~~
459~~Headwear Stock Grace Collection Products Catalogue V134~~~~14MAH707~Surf Hat with Rope & Toggle~~~~Caps & Hats |Wide Brim Hats~~~NO~~~~Heavy Brushed Cotton~~~AH707.jpg~~~~Black, Bottle, Natural, Navy, Royal~~~~~~~~~~~~~~1 Position~Medium~Embroidery~~~~~25~15.74~50~13.58~100~12.58~250~11.94~~~~~~~~~~~75.00~~~~~~~~~~~~~
460~~Headwear Stock Grace Collection Products Catalogue V135~~~~14MAH708~Polyviscose Surf Hat~~~~Caps & Hats |Wide Brim Hats~~~NO~~~~Polyviscose~~~AH708.jpg~~~~Navy, Royal, Bottle, Maroon~~~~~~~~~~~~~~1 Position~Medium~Embroidery~~~~~25~18.86~50~16.69~100~15.58~250~14.84~~~~~~~~~~~75.00~~~~~~~~~~~~~
461~~Headwear Stock Grace Collection Products Catalogue V136~~~~14MAH711~School Foam Hat~~~~Caps & Hats |Wide Brim Hats~~~NO~~~~Polyviscose~~~AH711.jpg~~~~Maroon, Navy, Bottle, Royal~~~~~~~~~~~~~~1 Position~Medium~Embroidery~~~~~25~21.80~50~18.92~100~17.82~250~16.30~~~~~~~~~~~75.00~~~~~~~~~~~~~
462~~Headwear Stock Grace Collection Products Catalogue V137~~~~14MAH712~Rope & Toggle~~~~Caps & Hats |Wide Brim Hats~~~NO~~~~Elastic, Plastic~~~AH712.jpg~~~~Black~~~~~~~~~~~~~~1 Position~Medium~Embroidery~~~~~25~8.30~50~6.14~100~5.62~250~5.17~~~~~~~~~~~75.00~~~~~~~~~~~~~
463~~Headwear Stock Grace Collection Products Catalogue V138~~~~14MAH713~Polycotton School Bucket Hat~~~~Caps & Hats | Bucket Hat~~~NO~~~~Polycotton~~~AH713.jpg~~~~Navy, Royal, Maroon, Red, Bottle, Black~~~~~~~~~~~~~~1 Position~Medium~Embroidery~~~~~25~13.58~50~11.42~100~10.50~250~9.92~~~~~~~~~~~75.00~~~~~~~~~~~~~
464~~Headwear Stock Grace Collection Products Catalogue V139~~~~14MAH714~Rope & Toggle~~~~Caps & Hats |Wide Brim Hats~~~NO~~~~Webbing, Plastic~~~AH714_A.jpg, AH714_B.jpg~~~~Navy, Royal, Maroon, Red, Bottle, Black~~~~~~~~~~~~~~1 Position~Medium~Embroidery~~~~~25~8.30~50~6.14~100~5.62~250~5.17~~~~~~~~~~~75.00~~~~~~~~~~~~~
465~~Headwear Stock Grace Collection Products Catalogue V140~~~~14MAH715~Bucket Hat~~~~Caps & Hats | Bucket Hat~~~NO~~~~Heavy Brushed Cotton~~~AH715.jpg~~~~Black, Bottle, Brown, Khaki, Maroon, Hot Pink, Navy, Red, Royal, White, Yellow~~~~~~~~~~~~~~1 Position~Medium~Embroidery~~~~~25~13.06~50~10.90~100~10.00~250~9.44~~~~~~~~~~~75.00~~~~~~~~~~~~~
466~~Headwear Stock Grace Collection Products Catalogue V141~~~~14MAH716~Kid Bucket Hat~~~~Caps & Hats | Bucket Hat~~~NO~~~~Heavy Brushed Cotton~~~AH716.jpg~~~~Royal, Navy, Bottle~~~~~~~~~~~~~~1 Position~Medium~Embroidery~~~~~25~12.89~50~10.73~100~9.83~250~9.27~~~~~~~~~~~75.00~~~~~~~~~~~~~
467~~Headwear Stock Grace Collection Products Catalogue V142~~~~14MAH718~Microfibre Surf Hat~~~~Caps & Hats |Wide Brim Hats~~~NO~~~~Microfibre - Mesh~~~AH718.jpg~~~~Natural, Navy~~~~~~~~~~~~~~1 Position~Medium~Embroidery~~~~~25~16.18~50~14.01~100~13.00~250~12.34~~~~~~~~~~~75.00~~~~~~~~~~~~~
468~~Headwear Stock Grace Collection Products Catalogue V143~~~~14MAH719~Waterproof Bucket Hat~~~~Caps & Hats | Bucket Hat~~~NO~~~~94% polyester, 6% spandex woven shell bonded to 100% polyster fleece with laminated film insert to repel water and wind~~~AH719.jpg~~~~Navy-Navy, Black-Black~~~~~~~~~~~~~~1 Position~Medium~Embroidery~~~~~25~17.21~50~15.05~100~14.00~250~13.31~~~~~~~~~~~75.00~~~~~~~~~~~~~
469~~Headwear Stock Grace Collection Products Catalogue V144~~~~14MAH720~Acrylic Beanie~~~~Caps & Hats | Beanies~~~NO~~~~100% Acrylic~~~AH720.jpg~~~~Black, Navy, Red, Royal~~~~~~~~~~~~~~1 Position~Medium~Embroidery~~~~~25~10.64~50~8.48~100~7.96~250~7.18~~~~~~~~~~~75.00~~~~~~~~~~~~~
470~~Headwear Stock Grace Collection Products Catalogue V145~~~~14MAH730~Polar Fleece Beanie~~~~Caps & Hats | Beanies~~~NO~~~~Polar Fleece Fabric~~~AH730.jpg~~~~Black, Bottle, Maroon, Navy, Red, Royal~~~~~~~~~~~~~~1 Position~Medium~Embroidery~~~~~25~11.33~50~9.17~100~8.33~250~7.82~~~~~~~~~~~75.00~~~~~~~~~~~~~
471~~Headwear Stock Grace Collection Products Catalogue V146~~~~14MAH731~Acrylic Beanie~~~~Caps & Hats | Beanies~~~NO~~~~100% Acrylic~~~AH731.jpg~~~~Red-White, Royal-White, Navy-White, Black-White, Black-Orange, Sky-Navy, Bottle-Aussie Gold, Royal- Aussie Gold, Navy-Aussie Gold, Black-Aussie Gold, Black-Red, Navy-Red~~~~~~~~~~~~~~1 Position~Medium~Embroidery~~~~~25~10.29~50~8.13~100~7.61~250~6.85~~~~~~~~~~~75.00~~~~~~~~~~~~~
472~~Headwear Stock Grace Collection Products Catalogue V147~~~~14MAH740~Two-Tone Beanie~~~~Caps & Hats | Beanies~~~NO~~~~100% Acrylic~~~AH740.jpg~~~~Black-Red, Black-White, Black-White-Red, Navy-White-Red, Royal-White-Black, Red-White-Black~~~~~~~~~~~~~~1 Position~Medium~Embroidery~~~~~25~11.50~50~9.34~100~8.50~250~7.98~~~~~~~~~~~75.00~~~~~~~~~~~~~
473~~Headwear Stock Grace Collection Products Catalogue V148~~~~14MAH742~100% Wool Beanie~~~~Caps & Hats | Beanies~~~NO~~~~100% Wool~~~AH742.jpg~~~~Black, Navy~~~~~~~~~~~~~~1 Position~Medium~Embroidery~~~~~25~15.48~50~13.32~100~12.33~250~11.69~~~~~~~~~~~75.00~~~~~~~~~~~~~
474~~Headwear Stock Grace Collection Products Catalogue V149~~~~14MAH744~Acrylic/Polar Fleece Beanie~~~~Caps & Hats | Beanies~~~NO~~~~100% Acrylic~~~AH744.jpg~~~~Black, Grey, Navy, Royal, White~~~~~~~~~~~~~~1 Position~Medium~Embroidery~~~~~25~12.02~50~9.86~100~9.00~250~8.47~~~~~~~~~~~75.00~~~~~~~~~~~~~
475~~Headwear Stock Grace Collection Products Catalogue V150~~~~14MAH750~Acrylic/Polar Fleece Beanie with Ear Flap~~~~Caps & Hats | Beanies~~~NO~~~~100% Acrylic~~~AH750_A.jpg, AH750_B.jpg~~~~Black, Navy~~~~~~~~~~~~~~1 Position~Medium~Embroidery~~~~~25~13.06~50~10.90~100~10.00~250~9.44~~~~~~~~~~~75.00~~~~~~~~~~~~~
476~~Headwear Stock Grace Collection Products Catalogue V151~~~~14MAH752~Acrylic Neck Warmer~~~~Caps & Hats | Beanies~~~NO~~~~100% Acrylic~~~AH752.jpg~~~~Black, Navy~~~~~~~~~~~~~~1 Position~Medium~Embroidery~~~~~25~11.94~50~9.77~100~8.92~250~8.39~~~~~~~~~~~75.00~~~~~~~~~~~~~
477~~Headwear Stock Grace Collection Products Catalogue V152~~~~14MAH755~Acrylic Beanie~~~~Caps & Hats | Beanies~~~NO~~~~100% Acrylic~~~AH755.jpg~~~~Black-Gold, Grey-Black, Navy-White, Black-Red, Dark Brown-Pink~~~~~~~~~~~~~~1 Position~Medium~Embroidery~~~~~25~12.02~50~9.86~100~9.00~250~8.47~~~~~~~~~~~75.00~~~~~~~~~~~~~
478~~Headwear Stock Grace Collection Products Catalogue V153~~~~14MAH760~Acrylic Beanie~~~~Caps & Hats | Beanies~~~NO~~~~100% Acrylic~~~AH760.jpg~~~~Navy-Grey, Navy-Sky, Black-Royal, Black-Grey~~~~~~~~~~~~~~1 Position~Medium~Embroidery~~~~~25~12.28~50~10.12~100~9.25~250~8.71~~~~~~~~~~~75.00~~~~~~~~~~~~~
479~~Headwear Stock Grace Collection Products Catalogue V154~~~~14MAH769~Beanie with reflective trims~~~~Caps & Hats | Beanies~~~NO~~~~100% Acrylic~~~AH769.jpg~~~~Fluoro Orange-Fluoro Yellow~~~~~~~~~~~~~~1 Position~Medium~Embroidery~~~~~25~13.75~50~11.59~100~10.67~250~10.08~~~~~~~~~~~75.00~~~~~~~~~~~~~
480~~Headwear Stock Grace Collection Products Catalogue V155~~~~14MAH770~100% Cotton Beanie~~~~Caps & Hats | Beanies~~~NO~~~~100% Cotton~~~AH770.jpg~~~~Black, Navy~~~~~~~~~~~~~~1 Position~Medium~Embroidery~~~~~25~13.49~50~11.33~100~10.42~250~9.84~~~~~~~~~~~75.00~~~~~~~~~~~~~
481~~Headwear Stock Grace Collection Products Catalogue V156~~~~14MAH788~Cowboy Hat~~~~Caps & Hats | Beanies~~~NO~~~~Synthetic Leather~~~AH788.jpg~~~~Black, Dark Brown, Hot Pink~~~~~~~~~~~~~~1 Position~Medium~Embroidery~~~~~25~14.71~50~12.54~100~11.58~250~10.97~~~~~~~~~~~75.00~~~~~~~~~~~~~
482~~Headwear Stock Grace Collection Products Catalogue V157~~~~14MAH800~Polar Fleece Scarf~~~~Caps & Hats | Beanies~~~NO~~~~Polar Fleece Fabric~~~AH800.jpg~~~~Black, Navy, Royal~~~~~~~~~~~~~~1 Position~Medium~Embroidery~~~~~25~14.62~50~12.46~100~11.50~250~10.89~~~~~~~~~~~75.00~~~~~~~~~~~~~
483~~Headwear Stock Grace Collection Products Catalogue V158~~~~14MAH802~Acrylic Gloves~~~~Caps & Hats | Beanies~~~NO~~~~100% Acrylic~~~AH802.jpg~~~~Navy, Black~~~~~~~~~~~~~~1 Position~Medium~Embroidery~~~~~25~12.98~50~10.81~100~9.92~250~9.35~~~~~~~~~~~75.00~~~~~~~~~~~~~
484~~Headwear Stock Grace Collection Products Catalogue V159~~~~14MAH805~Acrylic Scarf~~~~Caps & Hats | Beanies~~~NO~~~~100% Acrylic~~~AH805.jpg~~~~Red-White, Royal-White, Navy-White, Black-White, Black-Orange, Sky-Navy, Bottle-Aussie Gold, Royal- Aussie Gold, Navy-Aussie Gold, Black-Aussie Gold, Black-Red, Navy-Red~~~~~~~~~~~~~~1 Position~Medium~Embroidery~~~~~25~14.71~50~12.54~100~11.58~250~10.97~~~~~~~~~~~75.00~~~~~~~~~~~~~
485~~Headwear Stock Grace Collection Products Catalogue V160~~~~14MAH807~Acrylic Scarf~~~~Caps & Hats | Beanies~~~NO~~~~100% Acrylic~~~AH807.jpg~~~~Black, Navy~~~~~~~~~~~~~~1 Position~Medium~Embroidery~~~~~25~16.61~50~14.45~100~13.42~250~12.74~~~~~~~~~~~75.00~~~~~~~~~~~~~
486~~Headwear Stock Grace Collection Products Catalogue V161~~~~14MAH809~Acrylic Scarf~~~~Caps & Hats | Beanies~~~NO~~~~100% Acrylic~~~AH809.jpg~~~~Black-Gold, Black-Red, Bottle-Gold, Navy-White, Navy-Gold~~~~~~~~~~~~~~1 Position~Medium~Embroidery~~~~~25~16.95~50~14.79~100~13.75~250~13.06~~~~~~~~~~~75.00~~~~~~~~~~~~~
487~~Headwear Stock Grace Collection Products Catalogue V162~~~~14MAH815~Military Cap~~~~Caps & Hats | Caps~~~NO~~~~Premium Cotton Twill~~~AH815.jpg~~~~Black, Brown, Khaki, Navy, Pink, Royal, Sky, White~~~~~~~~~~~~~~1 Position~Medium~Embroidery~~~~~25~12.11~50~9.95~100~9.08~250~8.55~~~~~~~~~~~75.00~~~~~~~~~~~~~
488~~Headwear Stock Grace Collection Products Catalogue V163~~~~14MAH817~Camo Military Cap~~~~Caps & Hats | Caps~~~NO~~~~Premium Cotton Twill~~~AH817.jpg~~~~Army Green-Brown, Hot Pink-Pink~~~~~~~~~~~~~~1 Position~Medium~Embroidery~~~~~25~13.41~50~11.25~100~10.33~250~9.76~~~~~~~~~~~75.00~~~~~~~~~~~~~
489~~Headwear Stock Grace Collection Products Catalogue V164~~~~14MAH820~3-Panel Bandanna~~~~Caps & Hats | Beanies~~~NO~~~~Polycotton~~~AH820.jpg~~~~Black, Navy, White, Royal~~~~~~~~~~~~~~1 Position~Medium~Embroidery~~~~~25~9.95~50~7.79~100~7.27~250~6.53~~~~~~~~~~~75.00~~~~~~~~~~~~~
490~~Headwear Stock Grace Collection Products Catalogue V165~~~~14MAH830~Bandanna~~~~Caps & Hats | Beanies~~~NO~~~~Polycotton~~~AH830.jpg~~~~Black, Bottle, Navy, Red, Royal, Sky, White, Yellow~~~~~~~~~~~~~~1 Position~Medium~Embroidery~~~~~25~9.95~50~7.79~100~7.27~250~6.53~~~~~~~~~~~75.00~~~~~~~~~~~~~
491~~Headwear Stock Grace Collection Products Catalogue V166~~~~14MAH949~Director Cap~~~~Caps & Hats | Caps~~~NO~~~~Wool Acrylic~~~AH949_A.jpg, AH949_B.jpg~~~~Black, White~~~~~~~~~~~~~~1 Position~Medium~Embroidery~~~~~25~14.19~50~12.02~100~11.08~250~10.48~~~~~~~~~~~75.00~~~~~~~~~~~~~
492~~Headwear Stock Grace Collection Products Catalogue V167~~~~14MAH950~Exhibit Cap~~~~Caps & Hats | Caps~~~NO~~~~Premium Cotton Twill~~~AH950.jpg~~~~Black, White, Bottle, Royal, Navy, Red~~~~~~~~~~~~~~1 Position~Medium~Embroidery~~~~~25~12.11~50~9.95~100~9.08~250~8.55~~~~~~~~~~~75.00~~~~~~~~~~~~~
493~~Headwear Stock Grace Collection Products Catalogue V168~~~~14MAH988~Chef Hat~~~~Apparel | Uniform~~~NO~~~~Polycotton~~~AH988.jpg~~~~Black, White~~~~~~~~~~~~~~1 Position~Medium~Embroidery~~~~~25~11.07~50~8.91~100~8.39~250~7.58~~~~~~~~~~~75.00~~~~~~~~~~~~~
