member_supplier_name~membership_number~catalogue_name~brand_name~label_name~appa_product_code~product_code~product_name~product_code_group~categorisation~category_ /_sub category~Memento Category~additional_keywords~product_tags~discontinued_stock~product_description~description_additional~product_features~product_materials~product_item_size~product_packaging_inner~product_image_file_name~alternate_views_image_file_names~group_image_file_name~colours_available_appa~colours_available_supplier~colour_image_file_names~colour_product_codes~product_sizes~size_images~size_product_code~decoration_options_available~decoration_areas~indent_only~branded~custom_field_1~custom_field_2~custom_field_3~price_decoration_description~decoration position ~decoration color~decoration_type~price_product_code~price_notes~MOQ~IOQ~qty_1~sell_1~qty_2~sell_2~qty_3~sell_3~qty_4~sell_4~qty_5~sell_5~qty_6~sell_6~qty_7~sell_7~qty_8~sell_8~additional_charges_name1~additional_charge_value1~Set-up Charge~additional_charges_notes1~additional_charges_name2~additional_charge_value2~additional_charges_notes2~carton_height~carton_width~carton_depth~carton_weight~carton_qty~carton_cubic~carton_notes~freight_description~product_URL
Logo-Line Australia~S005175~The Collections of Logo-Line~~~Current~46MLL0008~Single USB Outlet Car Charger~~Technology~~Technology | Chargers & Adapters~~~0~'The handy solution to charging your mobile phone in the car. Single USB outlet. Simply plug into your cigarette lighter socket, and you have a readily available USB charging source. 12V, 1 Amp makes it suitable for charging smartphones, and any other USB device via your device''s orginal USB cable.  Input DC  - 12-24V, Output DC - 5V-1AP.'~~~ABS~68mmL x 27mmH x 24mmD~~LL0008.jpg~~~~White~~~~~~~Pad Print : Top or Bottom - Rectangle 30mmL x 10mmH~0~0~'Gst: 10% Gst Additional. Freight: Additional If Required. Indent: We will not hold indent prices if quantites are to be supplied from stock. Images: Current stocked item style may vary slightly from image shown. If item style is paramount then please request sample of current shipment prior to ordering. All orders subject to Logo-Line''s Terms and Conditions.'~~~Item + 1 Colour Pad Print (1 Position)~1 Position~1 Colour~Pad Print~~~50~~50~4.58~100~4.50~250~4.25~500~4.03~1000~3.95~~~~~~~New Design~80~50~Over 500 Free.~Repeat Design~40~~27~32~32~13~500~0.0276~'Undecorated Orders: Bulk packed, 100 per inner
Decorated Orders: Individual sealed polybags, 100 per inner'~Stock: 3 Working Days from approval of artwork, Indent: ~https://www.logoline.com.au/product.aspx?i=LL0008
Logo-Line Australia~S005175~The Collections of Logo-Line~~~Current~46MLL0008~Single USB Outlet Car Charger~~Technology~~Technology | Chargers & Adapters~~~0~'The handy solution to charging your mobile phone in the car. Single USB outlet. Simply plug into your cigarette lighter socket, and you have a readily available USB charging source. 12V, 1 Amp makes it suitable for charging smartphones, and any other USB device via your device''s orginal USB cable.  Input DC  - 12-24V, Output DC - 5V-1AP.'~~~ABS~68mmL x 27mmH x 24mmD~~LL0008.jpg~~~~White~~~~~~~Pad Print : Top or Bottom - Rectangle 30mmL x 10mmH~0~0~'Gst: 10% Gst Additional. Freight: Additional If Required. Indent: We will not hold indent prices if quantites are to be supplied from stock. Images: Current stocked item style may vary slightly from image shown. If item style is paramount then please request sample of current shipment prior to ordering. All orders subject to Logo-Line''s Terms and Conditions.'~~~Item + 1 Colour Pad Print (2 Position)~2 Position~1 Colour~Pad Print~~~50~ ~50~5.02~100~4.93~250~4.67~500~4.44~1000~4.04~~~~~~~New Design~160~100~Over 500 Free.~Repeat Design~80~~27~32~32~13~500~0.0276~'Undecorated Orders: Bulk packed, 100 per inner
Decorated Orders: Individual sealed polybags, 100 per inner'~Stock: 3 Working Days from approval of artwork, Indent: ~https://www.logoline.com.au/product.aspx?i=LL0008
Logo-Line Australia~S005175~The Collections of Logo-Line~~~Current~46MLL0112~Dual 50cm Micro USB  8 Pin Connector Cable~~Technology~~Technology | Cables~~~0~'Dual 50cm micro USB or 8 pin connector cable to charge any phone or device that has a Micro USB or 8 pin input. Standard is 8 pin, remove cap to reveal mirco usb. 
'~~~PVC cord, ABS connector~500mmL x 14mmH~~LL0112.jpg~~~~White~~~~~~~Pad Print : USB end - 10mmL x 10mmH, 8 Pin end - 13mmL x 8mmH~0~0~'Gst: 10% Gst Additional. Freight: Additional If Required. Indent: We will not hold indent prices if quantites are to be supplied from stock. Images: Current stocked item style may vary slightly from image shown. If item style is paramount then please request sample of current shipment prior to ordering. All orders subject to Logo-Line''s Terms and Conditions.'~~~Item + 1 Colour Pad Print (1 Position)~1 Position~1 Colour~Pad Print~~~100~~100~2.25~250~2.21~500~2.08~1000~1.94~~~~~~~~~New Design~80~50~Over 250 Free.~Repeat Design~40~~17~24~63~7.8~500~0.0257~'Undecorated Orders: Each cable wrapped with rubber loop, individual unsealed poly bag, inner cartons 100.
Decorated Orders: Each cable wrapped with rubber loop, bulk, 50 per polybag, inner cartons 100.'~Stock: 3 Working Days from approval of artwork, Indent: 8-10 Weeks Ex Overseas Factory~https://www.logoline.com.au/product.aspx?i=LL0112
Logo-Line Australia~S005175~The Collections of Logo-Line~~~Current~46MLL0112~Dual 50cm Micro USB  8 Pin Connector Cable~~Technology~~Technology | Cables~~~0~'Dual 50cm micro USB or 8 pin connector cable to charge any phone or device that has a Micro USB or 8 pin input. Standard is 8 pin, remove cap to reveal mirco usb. 
'~~~PVC cord, ABS connector~500mmL x 14mmH~~LL0112.jpg~~~~White~~~~~~~Pad Print : USB end - 10mmL x 10mmH, 8 Pin end - 13mmL x 8mmH~0~0~'Gst: 10% Gst Additional. Freight: Additional If Required. Indent: We will not hold indent prices if quantites are to be supplied from stock. Images: Current stocked item style may vary slightly from image shown. If item style is paramount then please request sample of current shipment prior to ordering. All orders subject to Logo-Line''s Terms and Conditions.'~~~Item + 1 Colour Pad Print (2 Position)~2 Position~1 Colour~Pad Print~~~100~~100~2.60~250~2.56~500~2.42~1000~2.26~~~~~~~~~New Design~160~100~Over 250 Free.~Repeat Design~80~~17~24~63~7.8~500~0.0257~'Undecorated Orders: Each cable wrapped with rubber loop, individual unsealed poly bag, inner cartons 100.
Decorated Orders: Each cable wrapped with rubber loop, bulk, 50 per polybag, inner cartons 100.'~Stock: 3 Working Days from approval of artwork, Indent: 8-10 Weeks Ex Overseas Factory~https://www.logoline.com.au/product.aspx?i=LL0112
Logo-Line Australia~S005175~The Collections of Logo-Line~~~Current~46MLL0115~Dual 50cm Micro USB 8 Pin Connector Cable on Backing Card~~Technology~~Technology | Cables~~~0~'Dual 50cm micro USB or 8 pin connector cable to charge any phone or device that has a Micro USB or 8 pin input. Packed in clear cello bag with client custom design backing card.
'~~~PVC cord, ABS connector, Cardboard backing card.~Card - 148.5mmL x 105mmH; Cable - 500mmL x 14mmH~~LL0115.jpg~~~~White~~~~~~~4CP Digital Card : 148.5mmL x 105mmH; Pad Print Cable : USB end - 10mmL x 10mmH, 8 Pin end - 13mmL x 8mmH~0~0~'Gst: 10% Gst Additional. Freight: Additional If Required. Indent: We will not hold indent prices if quantites are to be supplied from stock. Images: Current stocked item style may vary slightly from image shown. If item style is paramount then please request sample of current shipment prior to ordering. All orders subject to Logo-Line''s Terms and Conditions.'~~~Item + 4 Colour Digital Direct Print ( 1 Position)~1 Position~4 Colour~Direct Digital Print~~~100~~100~4.07~250~3.53~500~3.31~1000~2.90~~~~~~~~~New Design~50~50~Over 250 Free.~Repeat Design~50~~23~17~29~1.75~80~0.0113~Individual sealed polybags~Stock: 5 Working Days from approval of final artwork, Indent: ~https://www.logoline.com.au/product.aspx?i=LL0115
Logo-Line Australia~S005175~The Collections of Logo-Line~~~Current~46MLL0115~Dual 50cm Micro USB 8 Pin Connector Cable on Backing Card~~Technology~~Technology | Cables~~~0~'Dual 50cm micro USB or 8 pin connector cable to charge any phone or device that has a Micro USB or 8 pin input. Packed in clear cello bag with client custom design backing card.
'~~~PVC cord, ABS connector, Cardboard backing card.~Card - 148.5mmL x 105mmH; Cable - 500mmL x 14mmH~~LL0115.jpg~~~~White~~~~~~~4CP Digital Card : 148.5mmL x 105mmH; Pad Print Cable : USB end - 10mmL x 10mmH, 8 Pin end - 13mmL x 8mmH~0~0~'Gst: 10% Gst Additional. Freight: Additional If Required. Indent: We will not hold indent prices if quantites are to be supplied from stock. Images: Current stocked item style may vary slightly from image shown. If item style is paramount then please request sample of current shipment prior to ordering. All orders subject to Logo-Line''s Terms and Conditions.'~~~Item + 4 Colour Digital Direct Print (1 Position) + Cable Print (1 Colour pad print 2 Position)~2 Position~4 Colour~Direct Digital Print~~~100~~100~4.76~250~4.20~500~4.03~1000~3.55~~~~~~~~~New Design~210~100~Over 250 Free.~Repeat Design~130~~23~17~29~1.75~80~0.0113~Individual sealed polybags~Stock: 5 Working Days from approval of final artwork, Indent: ~https://www.logoline.com.au/product.aspx?i=LL0115
Logo-Line Australia~S005175~The Collections of Logo-Line~~~Current~46MLL240~Priscilla Pig (Pink) and Patrick Pig(Blue) Coin Bank~~Collectable Coin Banks~~Novelty | Coin Bank~~~0~'Flexible PVC with screw off nose cone for coin release.
'~~~PVC~210mmL x 135mmH x 120mmD~~LL240.jpg~~~~Blue | Pink~~~~~~~Pad Print : Side or sides - Circle 48mm Diameter| Top (Behind Coin Slot) - Circle 35mm Diameter; 4CP Digital Direct Print : Side or sides - Circle 35mm Diameter, Top (Behind Coin Slot) - Circle 35mm Diameter~0~0~'Gst: 10% Gst Additional. Freight: Additional If Required. Indent: We will not hold indent prices if quantites are to be supplied from stock. Images: Current stocked item style may vary slightly from image shown. If item style is paramount then please request sample of current shipment prior to ordering. All orders subject to Logo-Line''s Terms and Conditions.'~~~Item + 1 Colour Pad Print ( 1 Position)~1 Position~1 Colour~Pad Print~~~50~3,000~50~7.96~100~7.54~250~6.92~500~6.84~1000~6.23~~~~~~~New Design~80~50~Over 500 Free.~Repeat Design~40~~43~42~50~8.5~24~0.0903~'Individual polybagged. 
This item previously packed in white tuck box.'~Stock: 3 Working Days from approval of artwork, Indent: 10-12 Weeks Ex Overseas Factory~https://www.logoline.com.au/product.aspx?i=LL240
Logo-Line Australia~S005175~The Collections of Logo-Line~~~Current~46MLL240~Priscilla Pig (Pink) and Patrick Pig(Blue) Coin Bank~~Collectable Coin Banks~~Novelty | Coin Bank~~~0~'Flexible PVC with screw off nose cone for coin release.
'~~~PVC~210mmL x 135mmH x 120mmD~~LL240.jpg~~~~Blue | Pink~~~~~~~Pad Print : Side or sides - Circle 48mm Diameter| Top (Behind Coin Slot) - Circle 35mm Diameter; 4CP Digital Direct Print : Side or sides - Circle 35mm Diameter, Top (Behind Coin Slot) - Circle 35mm Diameter~0~0~'Gst: 10% Gst Additional. Freight: Additional If Required. Indent: We will not hold indent prices if quantites are to be supplied from stock. Images: Current stocked item style may vary slightly from image shown. If item style is paramount then please request sample of current shipment prior to ordering. All orders subject to Logo-Line''s Terms and Conditions.'~~~Item + 4 Colour Digital Direct Print ( 1 Position)~1 Position~4 Colour~Direct Digital Print~~~50~~50~10.99~100~10.18~250~9.74~500~8.96~1000~8.22~~~~~~~New Design~50~50~Over 1,000 Free.~Repeat Design~50~~43~42~50~8.5~24~0.0903~'Individual polybagged. 
This item previously packed in white tuck box.'~Stock: 3 Working Days from approval of artwork, Indent: ~https://www.logoline.com.au/product.aspx?i=LL240
Logo-Line Australia~S005175~The Collections of Logo-Line~~~Current~46MLL3079~Assorted Colour Crazy Bouncing Putty~~Funky Thingz~~Novelty | Miscellaneous~~~0~'50 grams of assorted colour putty in opaque 2 piece tub. Comes in an assortment of 5 great fluro colours - pink, yellow, green, blue and orange.  Roll putty into a ball and bounce it! You can mould it, stretch it and snap it. Make it into wild shapes.
'~~~Tub: Polypropylene, Contents: Putty~69mm Diameter x 32mmH~~LL3079.jpg~~~~Yellow |  Orange | Pink | Blue | Green~~~~~~~4CP Standard Label : Lid - Circle 45mm Diameter~0~0~'Gst: 10% Gst Additional. Freight: Additional If Required. Indent: We will not hold indent prices if quantites are to be supplied from stock. Images: Current stocked item style may vary slightly from image shown. If item style is paramount then please request sample of current shipment prior to ordering. All orders subject to Logo-Line''s Terms and Conditions.'~~~Item + 4 Colour Label Print ( 1 Position)~1 Position~4 Colour~Label Print~~~250~10,000~250~3.18~500~2.92~1000~2.76~2500~2.48~5000~2.25~~~~~~~New Design~50~50~~~~~32~34~38~15~200~0.0413~~Stock: 3 Working Days from approval of artwork, Indent: 10-12 Weeks Ex Overseas Factory~https://www.logoline.com.au/product.aspx?i=LL3079
Logo-Line Australia~S005175~The Collections of Logo-Line~~~Current~46MLL3079~Assorted Colour Crazy Bouncing Putty~~Funky Thingz~~Novelty | Miscellaneous~~~0~'50 grams of assorted colour putty in opaque 2 piece tub. Comes in an assortment of 5 great fluro colours - pink, yellow, green, blue and orange.  Roll putty into a ball and bounce it! You can mould it, stretch it and snap it. Make it into wild shapes.
'~~~Tub: Polypropylene, Contents: Putty~69mm Diameter x 32mmH~~LL3079.jpg~~~~Assorted~~~~~~~4CP Standard Label : Lid - Circle 45mm Diameter~0~0~'Gst: 10% Gst Additional. Freight: Additional If Required. Indent: We will not hold indent prices if quantites are to be supplied from stock. Images: Current stocked item style may vary slightly from image shown. If item style is paramount then please request sample of current shipment prior to ordering. All orders subject to Logo-Line''s Terms and Conditions.'~~~Item + 4 Colour Label Print ( 1 Position)~1 Position~4 Colour~Label Print~~~250~10,000~250~3.18~500~2.92~1000~2.76~2500~2.48~5000~2.25~~~~~~~New Design~50~50~~~~~32~34~38~15~200~0.0413~~Stock: 3 Working Days from approval of artwork, Indent: 10-12 Weeks Ex Overseas Factory~https://www.logoline.com.au/product.aspx?i=LL3079
Logo-Line Australia~S005175~The Collections of Logo-Line~~~Current~46MLL4673~30ml Liquid Hand Sanitiser with Carabiner~~Health & Beauty~~Personal Care | Hand Sanitiser~~~0~'30ml alcohol based clear gel with moisturiser and Vitamin E in white plastic squeeze bottle.  Kills most germs and leaves hands feeling refreshed and clean. 62% alcohol content.
'~~~Bottle: PE, Carabiner: Aluminium~48mmL x 95mmH x 24mmD (excluding carabiner)~~LL4673.jpg~~~~White~~~~~~~4CP Standard Label : Front Label - Square 33mmL x 33mmH, Front Label - Circle 32mm Diameter~0~0~'Gst: 10% Gst Additional. Freight: Additional If Required. Indent: We will not hold indent prices if quantites are to be supplied from stock. Images: Current stocked item style may vary slightly from image shown. If item style is paramount then please request sample of current shipment prior to ordering. All orders subject to Logo-Line''s Terms and Conditions.'~~~Item + 4 Colour Label Print ( 1 Position)~1 Position~4 Colour~Label Print~~~250~~250~2.01~500~1.73~1000~1.61~2500~1.50~5000~1.36~~~~~~~New Design~50~50~~~~~32~32~55~18~360~0.0563~'60 per inner
Undecorated Orders: Individual polybag
Decorated Orders: Bulk'~Stock: 3 Working Days from approval of artwork, Indent: ~https://www.logoline.com.au/product.aspx?i=LL4673
Logo-Line Australia~S005175~The Collections of Logo-Line~~~Current~46MLL4957~LED Press Light~~Keytags & Lights~~Outdoors | Torch & Flashlights~~~0~'LED slimline flashlight with white light and black nylon wrist cord. Press to turn on and release to turn off. Magnetic to attach to filing cabinets, fridges and most metal surfaces. Includes lithium button cell battery. 


Refer to LL4015 Slender Light LED Torch with Carabiner for substitute item currently on sale.'~~~PVC~126mmL x 49mmH x 6mmD~~LL4957.jpg~~~~Black and White | Blue and White | Orange and White | Red and White | Yellow and White~~~~~~~Pad Print : Top - Rectangle 55mmL x 19mmH~0~0~'Gst: 10% Gst Additional. Freight: Additional If Required. Indent: We will not hold indent prices if quantites are to be supplied from stock. Images: Current stocked item style may vary slightly from image shown. If item style is paramount then please request sample of current shipment prior to ordering. All orders subject to Logo-Line''s Terms and Conditions.'~~~Item + 1 Colour Pad Print ( 1 Position)~1 Position~1 Colour~Pad Print~~~250~5,000~250~2.80~500~2.63~1000~2.48~2500~2.24~5000~1.79~~~~~~~New Design~80~50~Over 500 Free.~Repeat Design~40~~18~36~48~10.2~500~0.0311~'Undecorated Orders: Individual polybags, 100 per inner
Decorated Orders: Paper separator, 100 per inner'~Stock: 3 Working Days from approval of artwork, Indent: 10-12 Weeks Ex Overseas Factory~https://www.logoline.com.au/product.aspx?i=LL4957
Logo-Line Australia~S005175~The Collections of Logo-Line~~~Current~46MLL4957~LED Press Light~~Keytags & Lights~~Outdoors | Torch & Flashlights~~~0~'LED slimline flashlight with white light and black nylon wrist cord. Press to turn on and release to turn off. Magnetic to attach to filing cabinets, fridges and most metal surfaces. Includes lithium button cell battery. 


Refer to LL4015 Slender Light LED Torch with Carabiner for substitute item currently on sale.'~~~PVC~126mmL x 49mmH x 6mmD~~LL4957.jpg~~~~Black and White | Blue and White | Orange and White | Red and White | Yellow and White~~~~~~~Pad Print : Top - Rectangle 55mmL x 19mmH~0~0~'Gst: 10% Gst Additional. Freight: Additional If Required. Indent: We will not hold indent prices if quantites are to be supplied from stock. Images: Current stocked item style may vary slightly from image shown. If item style is paramount then please request sample of current shipment prior to ordering. All orders subject to Logo-Line''s Terms and Conditions.'~~~Item + 1 Colour Pad Print ( 1 Position)~1 Position~1 Colour~Pad Print~~~250~5,000~250~2.80~500~2.63~1000~2.48~2500~2.24~5000~1.79~~~~~~~New Design~80~50~Over 500 Free.~Repeat Design~40~~18~36~48~10.2~500~0.0311~'Undecorated Orders: Individual polybags, 100 per inner
Decorated Orders: Paper separator, 100 per inner'~Stock: 3 Working Days from approval of artwork, Indent: 10-12 Weeks Ex Overseas Factory~https://www.logoline.com.au/product.aspx?i=LL4957
Logo-Line Australia~S005175~The Collections of Logo-Line~~~Current~46MLL503~Supa Shopper Short Handle Calico Bag - 130 GSM~~Bamboo Cotton & Calico Bags~~Eco Products | Eco Bags~~~0~'Large calico bag with bottom gusset and two handles. Ideal for environmental projects as calico is a renewable resource and bags are continually re-used. This product is part of our Green Conceptz Collection which promotes environmentally friendly, and eco friendly messages. 
'~~~Calico - 130 GSM~Bag: 390mmL x 425mmH, Handle Length: 400mmL, Side & Bottom Gussets: Approx. 120mmL~~LL503.jpg~~~~Natural~~~~~~~Screen Print : Front or Back - Rectangle 295mmL x 320mmH; RBG Direct to Garment Print : Front or Back - Rectangle 290mmL x 320mmH~0~0~'Gst: 10% Gst Additional. Freight: Additional If Required. Indent: We will not hold indent prices if quantites are to be supplied from stock. Images: Current stocked item style may vary slightly from image shown. If item style is paramount then please request sample of current shipment prior to ordering. All orders subject to Logo-Line''s Terms and Conditions.'~~~Item + 1 Colour Pad Print ( 1 Position)~1 Position~1 Colour~Pad Print~~~100~10,000~100~5.61~250~4.90~500~4.23~1000~3.69~2500~3.07~~~~~~~New Design~80~50~Over 500 Free.~Repeat Design~40~~38~41~44~17~200~0.0686~25 per bundle~Stock: 3 Working Days from approval of artwork, Indent: 12-14 Weeks Ex Overseas Factory~https://www.logoline.com.au/product.aspx?i=LL503
Logo-Line Australia~S005175~The Collections of Logo-Line~~~Current~46MLL503~Supa Shopper Short Handle Calico Bag - 130 GSM~~Bamboo Cotton & Calico Bags~~Eco Products | Eco Bags~~~0~'Large calico bag with bottom gusset and two handles. Ideal for environmental projects as calico is a renewable resource and bags are continually re-used. This product is part of our Green Conceptz Collection which promotes environmentally friendly, and eco friendly messages. 
'~~~Calico - 130 GSM~Bag: 390mmL x 425mmH, Handle Length: 400mmL, Side & Bottom Gussets: Approx. 120mmL~~LL503.jpg~~~~Natural~~~~~~~Screen Print : Front or Back - Rectangle 295mmL x 320mmH; RBG Direct to Garment Print : Front or Back - Rectangle 290mmL x 320mmH~0~0~'Gst: 10% Gst Additional. Freight: Additional If Required. Indent: We will not hold indent prices if quantites are to be supplied from stock. Images: Current stocked item style may vary slightly from image shown. If item style is paramount then please request sample of current shipment prior to ordering. All orders subject to Logo-Line''s Terms and Conditions.'~~~Item + 4 Colour Digital Transfer ( 1 Position)~1 Position~4 Colour~Digital Transfer~~~100~10,000~100~8.55~250~7.48~500~6.97~1000~6.53~2500~5.82~~~~~~~New Design~160~50~Over 500 Free.~Repeat Design~80~~38~41~44~17~200~0.0686~25 per bundle~Stock: 3 Working Days from approval of artwork, Indent: 12-14 Weeks Ex Overseas Factory~https://www.logoline.com.au/product.aspx?i=LL503
Logo-Line Australia~S005175~The Collections of Logo-Line~~~Current~46MLL509~Coloured Cotton Double Short Handle Tote Bag - 140 GSM~~Bamboo Cotton & Calico Bags~~Eco Products | Eco Bags~~~0~'Coloured short handle cotton tote bags.  This product is part of our Green Conceptz Collection which promotes environmentally friendly, and eco friendly messages. 

Ideal for environmental projects as cotton is a renewable resource.  Join the revolution to reduce the use of plastic bags!'~~~Cotton - 140 GSM~Bag: 370mmL x 420mmH, Handle Length: 400mmL~~LL509.jpg~~~~Black | Dark Blue | Green | Light Blue | Orange | Pink | Purple | Red | White | Yellow~~~~~~~Screen Print : Front or Back - Rectangle 250mmL x 320mmH; RBG Direct to Garment Print (White Bags Only) : Front or Back - Rectangle 290mmL x 320mmHprice~0~0~'Gst: 10% Gst Additional. Freight: Additional If Required. Indent: We will not hold indent prices if quantites are to be supplied from stock. Images: Current stocked item style may vary slightly from image shown. If item style is paramount then please request sample of current shipment prior to ordering. All orders subject to Logo-Line''s Terms and Conditions.'~~~Item + 1 Colour Pad Print ( 1 Position)~1 Position~1 Colour~Pad Print~~~100~10,000~100~4.48~250~3.60~500~3.26~1000~2.74~2500~2.45~~~~~~~New Design~80~50~Over 500 Free.~Repeat Design~40~~37~39~45~17~250~0.0649~50 per bundle~Stock: 3 Working Days from approval of artwork, Indent: 12-14 Weeks Ex Overseas Factory~https://www.logoline.com.au/product.aspx?i=LL509
Logo-Line Australia~S005175~The Collections of Logo-Line~~~Current~46MLL509~Coloured Cotton Double Short Handle Tote Bag - 140 GSM~~Bamboo Cotton & Calico Bags~~Eco Products | Eco Bags~~~0~'Coloured short handle cotton tote bags.  This product is part of our Green Conceptz Collection which promotes environmentally friendly, and eco friendly messages. 

Ideal for environmental projects as cotton is a renewable resource.  Join the revolution to reduce the use of plastic bags!'~~~Cotton - 140 GSM~Bag: 370mmL x 420mmH, Handle Length: 400mmL~~LL509.jpg~~~~Black | Dark Blue | Green | Light Blue | Orange | Pink | Purple | Red | White | Yellow~~~~~~~Screen Print : Front or Back - Rectangle 250mmL x 320mmH; RBG Direct to Garment Print (White Bags Only) : Front or Back - Rectangle 290mmL x 320mmHprice~0~0~'Gst: 10% Gst Additional. Freight: Additional If Required. Indent: We will not hold indent prices if quantites are to be supplied from stock. Images: Current stocked item style may vary slightly from image shown. If item style is paramount then please request sample of current shipment prior to ordering. All orders subject to Logo-Line''s Terms and Conditions.'~~~Item + 4 Colour Digital Transfer Print ( 1 Position)~1 Position~4 Colour~Digital Transfer~~~100~10,000~100~7.42~250~6.43~500~6.00~1000~5.50~2500~5.03~~~~~~~New Design~80~50~Over 500 Free.~Repeat Design~40~~37~39~45~17~250~0.0649~50 per bundle~Stock: 3 Working Days from approval of artwork, Indent: 12-14 Weeks Ex Overseas Factory~https://www.logoline.com.au/product.aspx?i=LL509
Logo-Line Australia~S005175~The Collections of Logo-Line~~~Current~46MLL510~Coloured Cotton Double Long Handle Conference Bag - 140 GSM~~Bamboo Cotton & Calico Bags~~Eco Products | Eco Bags~~~0~'Double long handle cotton tote bags.  This product is part of our Green Conceptz Collection which promotes environmentally friendly, and eco friendly messages. 

 Ideal for environmental projects as cotton is a renewable resource.  Join the revolution to reduce the use of plastic bags!'~~~Cotton - 140 GSM~Bag: 375mmL x 420mmH, Handle Length: 800mmL, Bottom Gusset: 75mmD~~LL510.jpg~~~~Black | Dark Blue | Green | Light Blue | Red | White~~~~~~~Screen Print : Front or Back - Rectangle 250mmL x 320mmH; RBG Direct to Garment Print (White Bags Only) : Front or Back - Rectangle 290mmL x 320mmH~0~0~'Gst: 10% Gst Additional. Freight: Additional If Required. Indent: We will not hold indent prices if quantites are to be supplied from stock. Images: Current stocked item style may vary slightly from image shown. If item style is paramount then please request sample of current shipment prior to ordering. All orders subject to Logo-Line''s Terms and Conditions.'~~~Item + 1 Colour Pad Print ( 1 Position)~1 Position~1 Colour~Pad Print~~~100~10,000~100~5.31~250~4.20~500~3.97~1000~3.42~2500~2.88~~~~~~~New Design~80~50~Over 500 Free.~Repeat Design~40~~36~39~45~15~200~0.0632~50 per bundle~Stock: 3 Working Days from approval of artwork, Indent: 12-14 Weeks Ex Overseas Factory~https://www.logoline.com.au/product.aspx?i=LL510
Logo-Line Australia~S005175~The Collections of Logo-Line~~~Current~46MLL510~Coloured Cotton Double Long Handle Conference Bag - 140 GSM~~Bamboo Cotton & Calico Bags~~Eco Products | Eco Bags~~~0~'Double long handle cotton tote bags.  This product is part of our Green Conceptz Collection which promotes environmentally friendly, and eco friendly messages. 

 Ideal for environmental projects as cotton is a renewable resource.  Join the revolution to reduce the use of plastic bags!'~~~Cotton - 140 GSM~Bag: 375mmL x 420mmH, Handle Length: 800mmL, Bottom Gusset: 75mmD~~LL510.jpg~~~~Black | Dark Blue | Green | Light Blue | Red | White~~~~~~~Screen Print : Front or Back - Rectangle 250mmL x 320mmH; RBG Direct to Garment Print (White Bags Only) : Front or Back - Rectangle 290mmL x 320mmH~0~0~'Gst: 10% Gst Additional. Freight: Additional If Required. Indent: We will not hold indent prices if quantites are to be supplied from stock. Images: Current stocked item style may vary slightly from image shown. If item style is paramount then please request sample of current shipment prior to ordering. All orders subject to Logo-Line''s Terms and Conditions.'~~~Item + 4 Colour Digital Transfer Print ( 1 Position)~1 Position~4 Colour~Digital Transfer~~~100~10,000~100~8.25~250~6.81~500~6.71~1000~6.13~2500~5.63~~~~~~~New Design~160~50~Over 500 Free.~Repeat Design~80~~36~39~45~15~200~0.0632~50 per bundle~Stock: 3 Working Days from approval of artwork, Indent: 12-14 Weeks Ex Overseas Factory~https://www.logoline.com.au/product.aspx?i=LL510
Logo-Line Australia~S005175~The Collections of Logo-Line~~~Current~46MLL512~Calico Double Long Handle Conference Bag - 140 GSM~~Bamboo Cotton & Calico Bags~~Eco Products | Eco Bags~~~0~'Double long handle calico tote bag. This product is part of our Green Conceptz Collection which promotes environmentally friendly, and eco friendly messages.  

Ideal for environmental projects as calico is a renewable resource. Most supermarkets and retail outlets sell and encourage consumers to use calico bags. Join the revolution to reduce the use of plastic shopping bags!'~~~Calico - 140 GSM~Bag: 375mmL x 420mmH, Handle Length: 800mmL, Bottom Gusset: 70mmD~~LL512.jpg~~~~Natural~~~~~~~Screen Print : Front or Back - Rectangle 295mmL x 320mmH; RBG Direct to Garment Print : Front or Back - Rectangle 290mmL x 320mmH~0~0~'Gst: 10% Gst Additional. Freight: Additional If Required. Indent: We will not hold indent prices if quantites are to be supplied from stock. Images: Current stocked item style may vary slightly from image shown. If item style is paramount then please request sample of current shipment prior to ordering. All orders subject to Logo-Line''s Terms and Conditions.'~~~Item + 1 Colour Pad Print ( 1 Position)~1 Position~1 Colour~Pad Print~~~100~10,000~100~4.58~250~3.65~500~3.45~1000~2.90~2500~2.60~~~~~~~New Design~80~50~Over 500 Free.~Repeat Design~40~~32~39~45~14.5~200~0.0562~50 per bundle~Stock: 3 Working Days from approval of artwork, Indent: 12-14 Weeks Ex Overseas Factory~https://www.logoline.com.au/product.aspx?i=LL512
Logo-Line Australia~S005175~The Collections of Logo-Line~~~Current~46MLL512~Calico Double Long Handle Conference Bag - 140 GSM~~Bamboo Cotton & Calico Bags~~Eco Products | Eco Bags~~~0~'Double long handle calico tote bag. This product is part of our Green Conceptz Collection which promotes environmentally friendly, and eco friendly messages.  

Ideal for environmental projects as calico is a renewable resource. Most supermarkets and retail outlets sell and encourage consumers to use calico bags. Join the revolution to reduce the use of plastic shopping bags!'~~~Calico - 140 GSM~Bag: 375mmL x 420mmH, Handle Length: 800mmL, Bottom Gusset: 70mmD~~LL512.jpg~~~~Natural~~~~~~~Screen Print : Front or Back - Rectangle 295mmL x 320mmH; RBG Direct to Garment Print : Front or Back - Rectangle 290mmL x 320mmH~0~0~'Gst: 10% Gst Additional. Freight: Additional If Required. Indent: We will not hold indent prices if quantites are to be supplied from stock. Images: Current stocked item style may vary slightly from image shown. If item style is paramount then please request sample of current shipment prior to ordering. All orders subject to Logo-Line''s Terms and Conditions.'~~~Item + 4 Colour Digital Transfer Print ( 1 Position)~1 Position~4 Colour~Digital Transfer~~~100~10,000~100~7.53~250~6.48~500~6.19~1000~5.66~2500~5.18~~~~~~~New Design~80~50~Over 500 Free.~Repeat Design~40~~32~39~45~14.5~200~0.0562~50 per bundle~Stock: 3 Working Days from approval of artwork, Indent: 12-14 Weeks Ex Overseas Factory~https://www.logoline.com.au/product.aspx?i=LL512
Logo-Line Australia~S005175~The Collections of Logo-Line~~~Current~46MLL514~Short Handle Bamboo Tote Bag - 100 GSM~~Bamboo Cotton & Calico Bags~~Eco Products | Eco Bags~~~0~'Double short handle bamboo tote bag. This product is part of our Green Conceptz Collection which promotes environmentally friendly, and eco friendly messages. 

Made from Bamboo, one of the world''s fastest growing plants. Ideal for environmental projects as bamboo is a renewable resource and biodegradable. Join the revolution to reduce the use of plastic shopping bags!'~~~Bamboo - 100 GSM~Bag: 370mmL x 420mmH, Handles: 400mmL~~LL514.jpg~~~~Natural~~~~~~~Screen Print : Front or Back - Rectangle 295mmL x 320mmH; RBG Direct to Garment Print : Front or Back - Rectangle 290mmL x 320mmH~0~0~'Gst: 10% Gst Additional. Freight: Additional If Required. Indent: We will not hold indent prices if quantites are to be supplied from stock. Images: Current stocked item style may vary slightly from image shown. If item style is paramount then please request sample of current shipment prior to ordering. All orders subject to Logo-Line''s Terms and Conditions.'~~~Item + 1 Colour Pad Print ( 1 Position)~1 Position~1 Colour~Pad Print~~~100~10,000~100~5.05~250~4.37~500~4.13~1000~3.60~2500~3.03~~~~~~~New Design~80~50~Over 500 Free.~Repeat Design~40~~40~39~45~10~200~0.0702~50 per bundle~Stock: 3 Working Days from approval of artwork, Indent: 12-14 Weeks Ex Overseas Factory~https://www.logoline.com.au/product.aspx?i=LL514
Logo-Line Australia~S005175~The Collections of Logo-Line~~~Current~46MLL514~Short Handle Bamboo Tote Bag - 100 GSM~~Bamboo Cotton & Calico Bags~~Eco Products | Eco Bags~~~0~'Double short handle bamboo tote bag. This product is part of our Green Conceptz Collection which promotes environmentally friendly, and eco friendly messages. 

Made from Bamboo, one of the world''s fastest growing plants. Ideal for environmental projects as bamboo is a renewable resource and biodegradable. Join the revolution to reduce the use of plastic shopping bags!'~~~Bamboo - 100 GSM~Bag: 370mmL x 420mmH, Handles: 400mmL~~LL514.jpg~~~~Natural~~~~~~~Screen Print : Front or Back - Rectangle 295mmL x 320mmH; RBG Direct to Garment Print : Front or Back - Rectangle 290mmL x 320mmH~0~0~'Gst: 10% Gst Additional. Freight: Additional If Required. Indent: We will not hold indent prices if quantites are to be supplied from stock. Images: Current stocked item style may vary slightly from image shown. If item style is paramount then please request sample of current shipment prior to ordering. All orders subject to Logo-Line''s Terms and Conditions.'~~~Item + 4 Colour Digital Transfer Print ( 1 Position)~1 Position~4 Colour~Digital Transfer~~~100~10,000~100~7.99~250~6.97~500~6.87~1000~6.29~2500~5.78~~~~~~~New Design~160~50~Over 500 Free.~Repeat Design~80~~40~39~45~10~200~0.0702~50 per bundle~Stock: 3 Working Days from approval of artwork, Indent: 12-14 Weeks Ex Overseas Factory~https://www.logoline.com.au/product.aspx?i=LL514
Logo-Line Australia~S005175~The Collections of Logo-Line~~~Current~46MLL515~Long Handle Bamboo Conference Bag - 100 GSM~~Bamboo Cotton & Calico Bags~~Eco Products | Eco Bags~~~0~'Double long handle bamboo tote bag.  This product is part of our Green Conceptz Collection which promotes environmentally friendly, and eco friendly messages. 

Made from Bamboo, one of the world''s fastest growing plants. Ideal for environmental projects as bamboo is a renewable resource and biodegradable. Join the revolution to reduce the use of plastic shopping bags!'~~~Bamboo - 100 GSM~Bag: 370mmL x 420mmH, Handles: 800mmL, Bottom Gusset: 80mmH~~LL515.jpg~~~~Natural~~~~~~~Screen Print : Front or Back - Rectangle 295mmL x 320mmH; RBG Direct to Garment Print : Front or Back - Rectangle 290mmL x 320mmH~0~0~'Gst: 10% Gst Additional. Freight: Additional If Required. Indent: We will not hold indent prices if quantites are to be supplied from stock. Images: Current stocked item style may vary slightly from image shown. If item style is paramount then please request sample of current shipment prior to ordering. All orders subject to Logo-Line''s Terms and Conditions.'~~~Item + 1 Colour Pad Print ( 1 Position)~1 Position~1 Colour~Pad Print~~~100~10,000~100~5.97~250~5.25~500~5.00~1000~4.19~2500~3.69~~~~~~~New Design~80~50~Over 500 Free.~Repeat Design~40~~27~39~45~8~100~0.0474~50 per bundle~Stock: 3 Working Days from approval of artwork, Indent: 12-14 Weeks Ex Overseas Factory~https://www.logoline.com.au/product.aspx?i=LL515
Logo-Line Australia~S005175~The Collections of Logo-Line~~~Current~46MLL515~Long Handle Bamboo Conference Bag - 100 GSM~~Bamboo Cotton & Calico Bags~~Eco Products | Eco Bags~~~0~'Double long handle bamboo tote bag.  This product is part of our Green Conceptz Collection which promotes environmentally friendly, and eco friendly messages. 

Made from Bamboo, one of the world''s fastest growing plants. Ideal for environmental projects as bamboo is a renewable resource and biodegradable. Join the revolution to reduce the use of plastic shopping bags!'~~~Bamboo - 100 GSM~Bag: 370mmL x 420mmH, Handles: 800mmL, Bottom Gusset: 80mmH~~LL515.jpg~~~~Natural~~~~~~~Screen Print : Front or Back - Rectangle 295mmL x 320mmH; RBG Direct to Garment Print : Front or Back - Rectangle 290mmL x 320mmH~0~0~'Gst: 10% Gst Additional. Freight: Additional If Required. Indent: We will not hold indent prices if quantites are to be supplied from stock. Images: Current stocked item style may vary slightly from image shown. If item style is paramount then please request sample of current shipment prior to ordering. All orders subject to Logo-Line''s Terms and Conditions.'~~~Item + 4 Colour Digital Transfer Print ( 1 Position)~1 Position~4 Colour~Digital Transfer~~~100~10,000~100~8.58~250~7.82~500~7.74~1000~7.15~2500~6.44~~~~~~~New Design~80~50~Over 500 Free.~Repeat Design~40~~27~39~45~8~100~0.0474~50 per bundle~Stock: 3 Working Days from approval of artwork, Indent: 12-14 Weeks Ex Overseas Factory~https://www.logoline.com.au/product.aspx?i=LL515
Logo-Line Australia~S005175~The Collections of Logo-Line~~~Current~46MLL516~Giant Bamboo Carry Bag with Double Handles - 100 GSM~~Bamboo Cotton & Calico Bags~~Eco Products | Eco Bags~~~0~'Jumbo double handle non-woven bamboo carry bag.  This product is part of our Green Conceptz Collection which promotes environmentally friendly, and eco friendly messages. 

Made from bamboo, one of the world''s fastest growing plants. Ideal for environmental projects as bamboo is a renewable resource and biodegradable. Join the revolution to reduce the use of plastic shopping bags!'~~~Bamboo - 100 GSM~Bag: 500mmL x 400mmH, Gusset: 160mmD, Handles: 640mmL.~~LL516.jpg~~~~Natural~~~~~~~Screen Print : Front or Back - Rectangle 320mmL x 295mmH; RBG Direct to Garment Print : Front or Back - Rectangle 290mmL x 300mmH~0~0~'Gst: 10% Gst Additional. Freight: Additional If Required. Indent: We will not hold indent prices if quantites are to be supplied from stock. Images: Current stocked item style may vary slightly from image shown. If item style is paramount then please request sample of current shipment prior to ordering. All orders subject to Logo-Line''s Terms and Conditions.'~~~Item + 1 Colour Pad Print ( 1 Position)~1 Position~1 Colour~Pad Print~~~100~10,000~100~7.89~250~6.81~500~6.73~1000~5.71~2500~5.15~~~~~~~New Design~80~50~Over 500 Free.~Repeat Design~40~~37~41~52~9.5~100~0.0789~50 per bundle~Stock: 3 Working Days from approval of artwork, Indent: 12-14 Weeks Ex Overseas Factory~https://www.logoline.com.au/product.aspx?i=LL516
Logo-Line Australia~S005175~The Collections of Logo-Line~~~Current~46MLL516~Giant Bamboo Carry Bag with Double Handles - 100 GSM~~Bamboo Cotton & Calico Bags~~Eco Products | Eco Bags~~~0~'Jumbo double handle non-woven bamboo carry bag.  This product is part of our Green Conceptz Collection which promotes environmentally friendly, and eco friendly messages. 

Made from bamboo, one of the world''s fastest growing plants. Ideal for environmental projects as bamboo is a renewable resource and biodegradable. Join the revolution to reduce the use of plastic shopping bags!'~~~Bamboo - 100 GSM~Bag: 500mmL x 400mmH, Gusset: 160mmD, Handles: 640mmL.~~LL516.jpg~~~~Natural~~~~~~~Screen Print : Front or Back - Rectangle 320mmL x 295mmH; RBG Direct to Garment Print : Front or Back - Rectangle 290mmL x 300mmH~0~0~'Gst: 10% Gst Additional. Freight: Additional If Required. Indent: We will not hold indent prices if quantites are to be supplied from stock. Images: Current stocked item style may vary slightly from image shown. If item style is paramount then please request sample of current shipment prior to ordering. All orders subject to Logo-Line''s Terms and Conditions.'~~~Item + 4 Colour Digital Transfer Print ( 1 Position)~1 Position~4 Colour~Digital Transfer~~~100~10,000~100~10.43~250~9.55~500~8.78~1000~8.06~2500~7.90~~~~~~~New Design~80~50~Over 500 Free.~Repeat Design~40~~37~41~52~9.5~100~0.0789~50 per bundle~Stock: 3 Working Days from approval of artwork, Indent: 12-14 Weeks Ex Overseas Factory~https://www.logoline.com.au/product.aspx?i=LL516
Logo-Line Australia~S005175~The Collections of Logo-Line~~~Current~46MLL560~Corporate Colour Lollipops~~Confectionery~~Confectionery & Edible Promotions | Lollipops~~~0~'Corporate Colour Lollipops individually cello wrapped.  Your choice of lollipops, choose from 6 great colours and flavours - Red (Strawberry), Yellow (Lemon), Blue (Tutti Frutti), Green (Lemon), Orange (Orange), Purple (Grape).  Lollipops sold per unit.  Decoration options include 19mm or 32mm diameter label applied to cello bag, 4cp double sided flag label folded onto stick or a 4cp business card attached to lollipop stick.
'~~~Boiled Lolly, Cellophane Bag~27mm Diameter (approx)~~LL560.jpg~~~~Blue | Green | Orange | Purple | Red | Yellow~~~~~~~Undecorated : Label applied to outer carton; 4CP Standard Label - Regular : Front or Back - Circle 16mm Diameter (Background colour up to 19mm Diameter|, Label Size 19mm Diameter); 4CP Standard Label - Large : Front or Back - Circle 32mm Diameter; 4CP Standard Label - Flag : Lollipop Stick - Rectangle 97mmL x 26mmH folded around stick; 4CP Business Card : Business Card - Rectangle 90mmL x 55mmH~0~0~'Gst: 10% Gst Additional. Freight: Additional If Required. Indent: We will not hold indent prices if quantites are to be supplied from stock. Images: Current stocked item style may vary slightly from image shown. If item style is paramount then please request sample of current shipment prior to ordering. All orders subject to Logo-Line''s Terms and Conditions.'~~~Item + 4 Colour Label Print ( 1 Position, 19mm)~1 Position~4 Colour~Label Print~~~1,000~~1000~0.29~2000~0.28~3000~0.26~5000~0.23~10000~0.21~~~~~~~New Design~50~50~~~~~32~25~30~7~1,000~0.024~'Individual lollipop weight approx. 6 grams each.
For 4CP cello bag label & 4CP Flag Label, lollipops are bulk packed bags of 1000.  For 4CP Business Cards, lollipops are bulk packed 50 per polybag then 500 per carton.  Carton size 32cm x 30cm x 25cm = 4.85kgs.'~Stock: 3 Working Days from approval of artwork, Indent: ~https://www.logoline.com.au/product.aspx?i=LL560
Logo-Line Australia~S005175~The Collections of Logo-Line~~~Current~46MLL8338~Pilot Stone Paper Notebook~~Noteworthy~~Stationery | Notebooks & Journals~~~0~'Recycled cardboard cover top spiral notebook. 60 lined pages of paper made from stone. Elastic pen loop with recyclable paper pen. Can be marked with metal objects as well as pens. Tough paper works in extreme conditions, water resistant, tear resistant, grease proof and anti bacterial. Paper made from recycled construction materials and plasticiser, and can be recycled. Due to stone paper, pages have a smoother surface than traditional notebook paper.
'~~~Cover: Natural Cardboard, Spiral: Steel, Pages: Stone Paper~Notebook: 77mmL x 130mmH; Pen: 139mmL x 10mm Diameter~~LL8338.jpg~~~~Natural and Black~~~~~~~Pad Print : Notebook Cover - Rectangle 50mmL x 70mmH; 4CP Standard Label : Notebook Cover - Square 50mmL x 50mmH; 4CP Digital Direct Print : Notebook Cover - Rectangle 50mmL x 70mmH; Pad Print on Pen : Pen Barrel - Rectangle 50mmL x 6mmH~0~0~'Gst: 10% Gst Additional. Freight: Additional If Required. Indent: We will not hold indent prices if quantites are to be supplied from stock. Images: Current stocked item style may vary slightly from image shown. If item style is paramount then please request sample of current shipment prior to ordering. All orders subject to Logo-Line''s Terms and Conditions.'~~~Item + 1 Colour Pad Print ( 1 Position)~1 Position~1 Colour~Pad Print~~~250~5,000~250~2.92~500~2.72~1000~2.60~2500~2.36~5000~1.74~~~~~~~New Design~80~50~Over 500 Free.~Repeat Design~40~~34~32~40~20~200~0.0435~50 per inner~Stock: 3 Working Days from approval of artwork, Indent: 10-12 Weeks Ex Overseas Factory~https://www.logoline.com.au/product.aspx?i=LL8338
Logo-Line Australia~S005175~The Collections of Logo-Line~~~Current~46MLL8338~Pilot Stone Paper Notebook~~Noteworthy~~Stationery | Notebooks & Journals~~~0~'Recycled cardboard cover top spiral notebook. 60 lined pages of paper made from stone. Elastic pen loop with recyclable paper pen. Can be marked with metal objects as well as pens. Tough paper works in extreme conditions, water resistant, tear resistant, grease proof and anti bacterial. Paper made from recycled construction materials and plasticiser, and can be recycled. Due to stone paper, pages have a smoother surface than traditional notebook paper.
'~~~Cover: Natural Cardboard, Spiral: Steel, Pages: Stone Paper~Notebook: 77mmL x 130mmH; Pen: 139mmL x 10mm Diameter~~LL8338.jpg~~~~Natural and Black~~~~~~~Pad Print : Notebook Cover - Rectangle 50mmL x 70mmH; 4CP Standard Label : Notebook Cover - Square 50mmL x 50mmH; 4CP Digital Direct Print : Notebook Cover - Rectangle 50mmL x 70mmH; Pad Print on Pen : Pen Barrel - Rectangle 50mmL x 6mmH~0~0~'Gst: 10% Gst Additional. Freight: Additional If Required. Indent: We will not hold indent prices if quantites are to be supplied from stock. Images: Current stocked item style may vary slightly from image shown. If item style is paramount then please request sample of current shipment prior to ordering. All orders subject to Logo-Line''s Terms and Conditions.'~~~Item + 4 Colour Digital Direct Print ( 1 Position)~1 Position~4 Colour~Direct Digital Print~~~250~~250~4.32~500~4.08~1000~3.75~2500~3.44~~~~~~~~~New Design~50~50~Over 500 Free.~Repeat Design~50~~34~32~40~20~200~0.0435~50 per inner~Stock: 3 Working Days from approval of artwork, Indent: ~https://www.logoline.com.au/product.aspx?i=LL8338
Logo-Line Australia~S005175~The Collections of Logo-Line~~~Current~46MLL8338~Pilot Stone Paper Notebook~~Noteworthy~~Stationery | Notebooks & Journals~~~0~'Recycled cardboard cover top spiral notebook. 60 lined pages of paper made from stone. Elastic pen loop with recyclable paper pen. Can be marked with metal objects as well as pens. Tough paper works in extreme conditions, water resistant, tear resistant, grease proof and anti bacterial. Paper made from recycled construction materials and plasticiser, and can be recycled. Due to stone paper, pages have a smoother surface than traditional notebook paper.
'~~~Cover: Natural Cardboard, Spiral: Steel, Pages: Stone Paper~Notebook: 77mmL x 130mmH; Pen: 139mmL x 10mm Diameter~~LL8338.jpg~~~~Natural and Black~~~~~~~Pad Print : Notebook Cover - Rectangle 50mmL x 70mmH; 4CP Standard Label : Notebook Cover - Square 50mmL x 50mmH; 4CP Digital Direct Print : Notebook Cover - Rectangle 50mmL x 70mmH; Pad Print on Pen : Pen Barrel - Rectangle 50mmL x 6mmH~0~0~'Gst: 10% Gst Additional. Freight: Additional If Required. Indent: We will not hold indent prices if quantites are to be supplied from stock. Images: Current stocked item style may vary slightly from image shown. If item style is paramount then please request sample of current shipment prior to ordering. All orders subject to Logo-Line''s Terms and Conditions.'~~~Item + 4 Colour Label Print ( 1 Position)~1 Position~4 Colour~Label Print~~~250~5,000~250~2.68~500~2.48~1000~2.37~2500~2.15~5000~1.90~~~~~~~New Design~50~50~~~~~34~32~40~20~200~0.0435~50 per inner~Stock: 3 Working Days from approval of artwork, Indent: 10-12 Weeks Ex Overseas Factory~https://www.logoline.com.au/product.aspx?i=LL8338
Logo-Line Australia~S005175~The Collections of Logo-Line~~~Current~46MLL8627~Assorted Colour Lollipops in Double Wall Stainless Steel Barrel Mug~~Confectionery~~Confectionery & Edible Promotions | Lollipops~~~0~'16 Assorted Lollipopsshrink wrapped in Double Wall Stainless Steel Barrel Mug.  Mix of 6 great colours and flavours - Red (Strawberry), Yellow (Lemon), Blue (Tutti Frutti), Green (Lemon), Orange (Orange), Purple (Grape).
'~~~Stainless Steel~Item Size 95mm Diameter x 90mmH~~LL8627.jpg~~~~Grey~~~~~~~Undecorated : Add your Company or Client details to statutory ingredients, paper insert - Square Label 33mmL x 33mmH; Laser Engraved : Front or Back - Square 30mmL x 30mmH~0~0~'Gst: 10% Gst Additional. Freight: Additional If Required. Indent: We will not hold indent prices if quantites are to be supplied from stock. Images: Current stocked item style may vary slightly from image shown. If item style is paramount then please request sample of current shipment prior to ordering. All orders subject to Logo-Line''s Terms and Conditions.'~~~Item + Laser Engraving ( 1 Position)~1 Position~1 Colour~Laser Engraved~~~50~~50~12.04~100~11.27~250~10.74~500~9.81~1000~8.97~~~~~~~New Design~80~50~~Repeat Design~40~~20~29.5~31.5~7.5~27~0.0186~Individual white gift box.  Finished weight = 257 grams per unit.~Stock: 3 Working Days from approval of artwork, Indent: ~https://www.logoline.com.au/product.aspx?i=LL8627
Logo-Line Australia~S005175~The Collections of Logo-Line~~~Current~46MLL8627~Assorted Colour Lollipops in Double Wall Stainless Steel Barrel Mug~~Confectionery~~Confectionery & Edible Promotions | Lollipops~~~0~'16 Assorted Lollipops shrink wrapped in Double Wall Stainless Steel Barrel Mug.  Mix of 6 great colours and flavours - Red (Strawberry), Yellow (Lemon), Blue (Tutti Frutti), Green (Lemon), Orange (Orange), Purple (Grape).
'~~~Stainless Steel~Item Size 95mm Diameter x 90mmH~~LL8627.jpg~~~~Grey~~~~~~~Undecorated : Add your Company or Client details to statutory ingredients, paper insert - Square Label 33mmL x 33mmH; Laser Engraved : Front or Back - Square 30mmL x 30mmH~0~0~'Gst: 10% Gst Additional. Freight: Additional If Required. Indent: We will not hold indent prices if quantites are to be supplied from stock. Images: Current stocked item style may vary slightly from image shown. If item style is paramount then please request sample of current shipment prior to ordering. All orders subject to Logo-Line''s Terms and Conditions.'~~~Item + Laser Engraving ( 2 Position)~2 Position~1 Colour~Laser Engraved~~~50~~50~14.93~100~14.05~250~13.44~500~12.31~1000~11.29~~~~~~~New Design~160~100~~Repeat Design~80~~20~29.5~31.5~7.5~27~0.0186~Individual white gift box.  Finished weight = 257 grams per unit.~Stock: 3 Working Days from approval of artwork, Indent: ~https://www.logoline.com.au/product.aspx?i=LL8627
Logo-Line Australia~S005175~The Collections of Logo-Line~~~Current~46MLL8648~Corporate Colour Lollipops in Stainless Steel Double Wall Curved Mug~~Confectionery~~Confectionery & Edible Promotions | Lollipops~~~0~'16 Corporate Colour Lollipops shrink wrapped in Double Wall Stainless Steel Curved Mug.  Your choice of lollipops, choose from 6 great colours and flavours - Red (Strawberry), Yellow (Lemon), Blue (Tutti Frutti), Green (Lemon), Orange (Orange), Purple (Grape).
'~~~Stainless Steel~80mm Diameter x 88mmH~~LL8648.jpg~~~~Grey~~~~~~~Undecorated : Add your Company or Client details to statutory ingredients, paper insert - Square Label 33mmL x 33mmH; Laser Engraved : Front or Back - Square 30mmL x 30mmH~0~0~'Gst: 10% Gst Additional. Freight: Additional If Required. Indent: We will not hold indent prices if quantites are to be supplied from stock. Images: Current stocked item style may vary slightly from image shown. If item style is paramount then please request sample of current shipment prior to ordering. All orders subject to Logo-Line''s Terms and Conditions.'~~~Item + Laser Engraving ( 1 Position)~1 Position~1 Colour~Laser Engraved~~~50~~50~12.73~100~11.93~250~11.39~500~10.33~1000~9.39~~~~~~~New Design~80~50~~Repeat Design~40~~20~29.5~31.5~8~27~0.0186~Individual white gift box.  Finished weight = 277 grams per unit.~Stock: 3 Working Days from approval of artwork, Indent: ~https://www.logoline.com.au/product.aspx?i=LL8648
Logo-Line Australia~S005175~The Collections of Logo-Line~~~Current~46MLL8648~Corporate Colour Lollipops in Stainless Steel Double Wall Curved Mug~~Confectionery~~Confectionery & Edible Promotions | Lollipops~~~0~'16 Corporate Colour Lollipops shrink wrapped in Double Wall Stainless Steel Curved Mug.  Your choice of lollipops, choose from 6 great colours and flavours - Red (Strawberry), Yellow (Lemon), Blue (Tutti Frutti), Green (Lemon), Orange (Orange), Purple (Grape).
'~~~Stainless Steel~80mm Diameter x 88mmH~~LL8648.jpg~~~~Grey~~~~~~~Undecorated : Add your Company or Client details to statutory ingredients, paper insert - Square Label 33mmL x 33mmH; Laser Engraved : Front or Back - Square 30mmL x 30mmH~0~0~'Gst: 10% Gst Additional. Freight: Additional If Required. Indent: We will not hold indent prices if quantites are to be supplied from stock. Images: Current stocked item style may vary slightly from image shown. If item style is paramount then please request sample of current shipment prior to ordering. All orders subject to Logo-Line''s Terms and Conditions.'~~~Item + Laser Engraving ( 2 Position)~2 Position~1 Colour~Laser Engraved~~~50~~50~15.62~100~14.72~250~14.08~500~12.83~1000~11.71~~~~~~~New Design~160~100~~Repeat Design~80~~20~29.5~31.5~8~27~0.0186~Individual white gift box.  Finished weight = 277 grams per unit.~Stock: 3 Working Days from approval of artwork, Indent: ~https://www.logoline.com.au/product.aspx?i=LL8648
Logo-Line Australia~S005175~The Collections of Logo-Line~~~Current~46MLL9017~Traveller First Aid Kit~~Health & Beauty~~Personal Care | First Aid Kits~~~0~'First Aid Kit in PP lock case.

Contents:
3pcs cotton bandages 
4pcs adhesive bandages (tga approved) 
1roll adhesive tape
1pc Scissors
3pcs safety pins
8pcs cotton sticks
1pc cotton ball roll 
'~~~Polypropylene Case~120mmL x 87mmH x 33mmD~~LL9017.jpg~~~~Natural~~~~~~~Screen Print : Lid - Rectangle 85mmL x 50mmH; 4CP Standard Label : Lid - Rectangle 71mmL x 41mmH; 4CP Digital Direct Print : Lid - Rectangle 80mmL x 45mmH~0~0~'Gst: 10% Gst Additional. Freight: Additional If Required. Indent: We will not hold indent prices if quantites are to be supplied from stock. Images: Current stocked item style may vary slightly from image shown. If item style is paramount then please request sample of current shipment prior to ordering. All orders subject to Logo-Line''s Terms and Conditions.'~~~Item + 1 Colour Pad Print ( 1 Position)~1 Position~1 Colour~Pad Print~~~50~5,000~50~7.54~100~7.04~250~6.60~500~6.15~1000~5.53~~~~~~~New Design~80~50~Over 250 Free.~Repeat Design~40~~38~27~46~11~100~0.0472~50 per inner with paper separator between layers~Stock: 3 Working Days from approval of artwork, Indent: 10-12 Weeks Ex Overseas Factory~https://www.logoline.com.au/product.aspx?i=LL9017
Logo-Line Australia~S005175~The Collections of Logo-Line~~~Current~46MLL9017~Traveller First Aid Kit~~Health & Beauty~~Personal Care | First Aid Kits~~~0~'First Aid Kit in PP lock case.

Contents:
3pcs cotton bandages 
4pcs adhesive bandages (tga approved) 
1roll adhesive tape
1pc Scissors
3pcs safety pins
8pcs cotton sticks
1pc cotton ball roll 
'~~~Polypropylene Case~120mmL x 87mmH x 33mmD~~LL9017.jpg~~~~Natural~~~~~~~Screen Print : Lid - Rectangle 85mmL x 50mmH; 4CP Standard Label : Lid - Rectangle 71mmL x 41mmH; 4CP Digital Direct Print : Lid - Rectangle 80mmL x 45mmH~0~0~'Gst: 10% Gst Additional. Freight: Additional If Required. Indent: We will not hold indent prices if quantites are to be supplied from stock. Images: Current stocked item style may vary slightly from image shown. If item style is paramount then please request sample of current shipment prior to ordering. All orders subject to Logo-Line''s Terms and Conditions.'~~~Item + 4 Colour Digital Direct Print ( 1 Position)~1 Position~4 Colour~Direct Digital Print~~~50~~50~8.84~100~8.34~250~7.60~500~7.35~1000~6.65~~~~~~~New Design~50~50~Over 250 Free.~Repeat Design~50~~38~27~46~11~100~0.0472~50 per inner with paper separator between layers~Stock: 3 Working Days from approval of artwork, Indent: ~https://www.logoline.com.au/product.aspx?i=LL9017
Logo-Line Australia~S005175~The Collections of Logo-Line~~~Current~46MLL9017~Traveller First Aid Kit~~Health & Beauty~~Personal Care | First Aid Kits~~~0~'First Aid Kit in PP lock case.

Contents:
3pcs cotton bandages 
4pcs adhesive bandages (tga approved) 
1roll adhesive tape
1pc Scissors
3pcs safety pins
8pcs cotton sticks
1pc cotton ball roll 
'~~~Polypropylene Case~120mmL x 87mmH x 33mmD~~LL9017.jpg~~~~Natural~~~~~~~Screen Print : Lid - Rectangle 85mmL x 50mmH; 4CP Standard Label : Lid - Rectangle 71mmL x 41mmH; 4CP Digital Direct Print : Lid - Rectangle 80mmL x 45mmH~0~0~'Gst: 10% Gst Additional. Freight: Additional If Required. Indent: We will not hold indent prices if quantites are to be supplied from stock. Images: Current stocked item style may vary slightly from image shown. If item style is paramount then please request sample of current shipment prior to ordering. All orders subject to Logo-Line''s Terms and Conditions.'~~~Item + 4 Colour Label Print ( 1 Position)~1 Position~4 Colour~Label Print~~~50~5,000~50~7.02~100~6.52~250~6.10~500~5.66~1000~5.08~~~~~~~New Design~50~50~~~~~38~27~46~11~100~0.0472~50 per inner with paper separator between layers~Stock: 3 Working Days from approval of artwork, Indent: 10-12 Weeks Ex Overseas Factory~https://www.logoline.com.au/product.aspx?i=LL9017
Logo-Line Australia~S005175~The Collections of Logo-Line~~~Current~46MLL9022~Riot Bluetooth Speaker~~Technology~~Technology | Speakers~~~0~'Massive 2.1 inch Hi-Fi Bluetooth speaker with 4 inch Subwoofer and FM Radio. Carry handle for easy portability. Very clear sound and heavy bass. A2DP Bluetooth. Wirelessly stream music from any Bluetooth enabled device such as your smartphone, notebook, tablet or plug in included 3.5 audio jack into the speaker. Easy charging with included USB cable. Enjoy music up to 4 hours (at medium volume) and wirelessly up to 10 metres. User guide included. Features Micro SD card reader (4GB card available at extra cost).
 
Battery Capacity: 1500mAh
Battery Type: Rechargable Lithium-ion 
Horn output: 2W x 2.4 Ohms
Subwoofer output: 7W x 4 Ohms
Frequency Response: 100Hz-20kHz
Packaging: Gift box'~~~Body - PVC with soft feel rubberised coating, Ends - ABS with TPU surround and steel mesh.~Speaker: 256mmL x 145mmH x 145mmD, Box: 295mmL x 185mmH x 170mmD~~LL9022.jpg~~~~Black~~~~~~~Pad Print : Side of Speaker - 65mmL x 20mmH; 4CP Epoxy Dome : Top of Speaker - 35mmL x 7mmH (rounded corners), Bottom of Speaker - 44mmDia~0~0~'Gst: 10% Gst Additional. Freight: Additional If Required. Indent: We will not hold indent prices if quantites are to be supplied from stock. Images: Current stocked item style may vary slightly from image shown. If item style is paramount then please request sample of current shipment prior to ordering. All orders subject to Logo-Line''s Terms and Conditions.'~~~Item + 1 Colour Pad Print ( 1 Position)~1 Position~1 Colour~Pad Print~~~10~~10~62.19~25~58.25~50~55.65~100~50.76~250~46.53~~~~~~~New Design~80~50~Over 50 Free.~Repeat Design~40~~32~36~76~13~8~0.0876~Individual gift box~Stock: 3 Working Days from approval of artwork, Indent: ~https://www.logoline.com.au/product.aspx?i=LL9022
Logo-Line Australia~S005175~The Collections of Logo-Line~~~Current~46MLL9022~Riot Bluetooth Speaker~~Technology~~Technology | Speakers~~~0~'Massive 2.1 inch Hi-Fi Bluetooth speaker with 4 inch Subwoofer and FM Radio. Carry handle for easy portability. Very clear sound and heavy bass. A2DP Bluetooth. Wirelessly stream music from any Bluetooth enabled device such as your smartphone, notebook, tablet or plug in included 3.5 audio jack into the speaker. Easy charging with included USB cable. Enjoy music up to 4 hours (at medium volume) and wirelessly up to 10 metres. User guide included. Features Micro SD card reader (4GB card available at extra cost).
 
Battery Capacity: 1500mAh
Battery Type: Rechargable Lithium-ion 
Horn output: 2W x 2.4 Ohms
Subwoofer output: 7W x 4 Ohms
Frequency Response: 100Hz-20kHz
Packaging: Gift box'~~~Body - PVC with soft feel rubberised coating, Ends - ABS with TPU surround and steel mesh.~Speaker: 256mmL x 145mmH x 145mmD, Box: 295mmL x 185mmH x 170mmD~~LL9022.jpg~~~~Black~~~~~~~Pad Print : Side of Speaker - 65mmL x 20mmH; 4CP Epoxy Dome : Top of Speaker - 35mmL x 7mmH (rounded corners), Bottom of Speaker - 44mmDia~0~0~'Gst: 10% Gst Additional. Freight: Additional If Required. Indent: We will not hold indent prices if quantites are to be supplied from stock. Images: Current stocked item style may vary slightly from image shown. If item style is paramount then please request sample of current shipment prior to ordering. All orders subject to Logo-Line''s Terms and Conditions.'~~~Item + 4 Colour Pad Print ( 1 Position, Epoxy)~1 Position~4 Colour~Pad Print~~~10~~10~63.06~25~59.08~50~56.45~100~51.51~250~47.22~~~~~~~New Design~50~200~Over 50 Free.~Repeat Design~50~~32~36~76~13~8~0.0876~Individual gift box~Stock: 5-7 Working Days from approval of artwork, Indent: ~https://www.logoline.com.au/product.aspx?i=LL9022
Logo-Line Australia~S005175~The Collections of Logo-Line~~~Current~46MLL9023~Pocket First Aid Kit~~Health & Beauty~~Personal Care | First Aid Kits~~~0~'First Aid Kit in red nylon zippered pouch with black zip. 

Contents:
1pc cleansing wipe     
2pcs antiseptic wipe      
6pcs alcohol prep pads  
4pcs H-shaped adhesive bandage (tga approved) 
4pcs small oval adhesive bandage (tga approved)
1 pc metal tweezer    
'~~~Nylon Pouch~Approx. 145mmL x 95mmH x 8mmD (Size variations considered acceptable)~~LL9023.jpg~~~~Red~~~~~~~Screen Print : Front - Rectangle 70mmL x 50mmH; 4CP Digital Transfer Print : Front - Rectangle 50mmL x 45mmH~0~0~'Gst: 10% Gst Additional. Freight: Additional If Required. Indent: We will not hold indent prices if quantites are to be supplied from stock. Images: Current stocked item style may vary slightly from image shown. If item style is paramount then please request sample of current shipment prior to ordering. All orders subject to Logo-Line''s Terms and Conditions.'~~~Item + 1 Colour Pad Print ( 1 Position)~1 Position~1 Colour~Pad Print~~~50~5,000~50~6.06~100~5.02~250~4.75~500~4.27~1000~3.92~~~~~~~New Design~80~50~Over 250 Free.~Repeat Design~40~~21~29~45~8~200~0.0274~50 per inner, paper separator between layers~Stock: 3 Working Days from approval of artwork, Indent: 10-12 Weeks Ex Overseas Factory~https://www.logoline.com.au/product.aspx?i=LL9023
Logo-Line Australia~S005175~The Collections of Logo-Line~~~Current~46MLL9023~Pocket First Aid Kit~~Health & Beauty~~Personal Care | First Aid Kits~~~0~'First Aid Kit in red nylon zippered pouch with black zip. 

Contents:
1pc cleansing wipe     
2pcs antiseptic wipe      
6pcs alcohol prep pads  
4pcs H-shaped adhesive bandage (tga approved) 
4pcs small oval adhesive bandage (tga approved)
1 pc metal tweezer    
'~~~Nylon Pouch~Approx. 145mmL x 95mmH x 8mmD (Size variations considered acceptable)~~LL9023.jpg~~~~Red~~~~~~~Screen Print : Front - Rectangle 70mmL x 50mmH; 4CP Digital Transfer Print : Front - Rectangle 50mmL x 45mmH~0~0~'Gst: 10% Gst Additional. Freight: Additional If Required. Indent: We will not hold indent prices if quantites are to be supplied from stock. Images: Current stocked item style may vary slightly from image shown. If item style is paramount then please request sample of current shipment prior to ordering. All orders subject to Logo-Line''s Terms and Conditions.'~~~Item + 4 Colour Digital Transfer Print ( 1 Position)~1 Position~4 Colour~Digital Transfer~~~50~~50~7.77~100~6.73~250~6.40~500~5.87~1000~5.40~~~~~~~New Design~50~50~Over 250 Free.~Repeat Design~50~~21~29~45~8~200~0.0274~50 per inner, paper separator between layers~Stock: 3 Working Days from approval of artwork, Indent: ~https://www.logoline.com.au/product.aspx?i=LL9023
Logo-Line Australia~S005175~The Collections of Logo-Line~~~Current~46MLL9399~Virtual Reality 3D Headset~~Technology~~Technology | Technology Accessories~~~1~'3D headset with fully adjustable lens position and head strap allow you to experience virtual reality with only your phone. Soft foam surround for head comfort. Simply start any virtual reality app, insert your phone in the headset and look through the lens to experience the virtual world. Fits most smartphones. Virtual reality Apps are available through Google Play or Apple App store. 360 degree videos available on YouTube.
'~~~Body - ABS, Strap - Elastic.~190mmL x 115mmH x 135mmD (not including the elastic straps)~~LL9399.jpg~~~~White~~~~~~~4CP Digital Direct : 100mmL x 30mmH~0~0~'Gst: 10% Gst Additional. Freight: Additional If Required. Indent: We will not hold indent prices if quantites are to be supplied from stock. Images: Current stocked item style may vary slightly from image shown. If item style is paramount then please request sample of current shipment prior to ordering. All orders subject to Logo-Line''s Terms and Conditions.'~~~Item + 4CP Digital Direct (1 Position)~1 Position~4 Colour~Direct Digital Print~~~25~~25~17.65~50~17.04~100~16.33~250~15.73~500~14.43~~~~~~~New Design~50~50~Over 100 Free.~Repeat Design~50~~60~42~64~17.4~40~0.1613~Individual white gift box.~Stock: 3 Working Days from approval of artwork, Indent: ~https://www.logoline.com.au/product.aspx?i=LL9399
Logo-Line Australia~S005175~The Collections of Logo-Line~~~Current~46MLL9411~Family Light Up Gift Set in Zippered Case - Pack A~~Technology~~Technology | Cables~~~0~'Family set of 2000mAh Power Bank, 3 in 1 Cable packed in Small EVA Low Profile Case. 

Includes items:
LL9400 Family Light Up Mobile Phone Power Bank
LL9404 Family Light Up 3 in 1 Cable
LL6673 Small EVA Zipper Case Low Profile 38mmH'~~~Zipper Case - EVA, Power Bank & Cable - ABS.~Case: Approx. 115mmL x 80mmH x 38mmD, Power Bank: 84mmL x 26mmH x 31mmH, Cable Body 31mmL x 26mmW x 15mmH, Cable approx. 45mmL~~LL9411.jpg~~~~White and Blue | White and Clear | White and Green | White and Red~~~~~~~4CP Digital Direct Print : Insert Panel - Rectangle 25mmL x 20mmH (with rounded corners); Pad Print on EVA Case : LL6673 EVA Case - Rectangle 60mmL x 35mmH; 4CP Digital Direct Print on EVA Case : LL6673 EVA Case - Rectangle 60mmL x 35mmH~0~0~'Gst: 10% Gst Additional. Freight: Additional If Required. Indent: We will not hold indent prices if quantites are to be supplied from stock. Images: Current stocked item style may vary slightly from image shown. If item style is paramount then please request sample of current shipment prior to ordering. All orders subject to Logo-Line''s Terms and Conditions.'~~~Item + 4 Colour Digital Direct Print (2 Position) and Case + 1 Colour Pad Print (1 Position)~2 Position~4 Colour~Direct Digital Print~~~25~~25~36.67~50~34.60~100~34.03~250~28.82~500~28.47~~~~~~~New Design~80~100~Over 100 Free.~Repeat Design~40~~~~~~~~~Stock: 3 Working Days from approval of artwork, Indent: ~https://www.logoline.com.au/product.aspx?i=LL9411
Logo-Line Australia~S005175~The Collections of Logo-Line~~~Current~46MLL9412~Family Light Up Gift Set in Zippered Case - Pack B~~Technology~~Technology | Cables~~~0~'Family set of 2000mAh Power Bank and Dual USB Car Charger packed in LL6668 Medium EVA 50mm Case. 

Includes items: 
LL9400 Family Light Up Mobile Phone Power Bank
LL9402 Family Light Up Dual USB Car Charger
LL6673 Small EVA Zipper Case Low Profile 38mmH'~~~Zipper Case - EVA, Power Bank & Cable - ABS.~Case: Approx. 115mmL x 80mmH x 38mmD, Power Bank: 84mmL x 26mmH x 31mmH, Charger: 64mmL x 31mmW x 26mmH~~LL9412.jpg~~~~White and Blue | White and Clear | White and Green | White and Red~~~~~~~4CP Digital Direct Print : Insert Panel - Rectangle 25mmL x 20mmH (with rounded corners); Pad Print on EVA Case : LL6673 EVA Case - Rectangle 60mmL x 35mmH; 4CP Digital Direct Print on EVA Case : LL6673 EVA Case - Rectangle 60mmL x 35mmH~0~0~'Gst: 10% Gst Additional. Freight: Additional If Required. Indent: We will not hold indent prices if quantites are to be supplied from stock. Images: Current stocked item style may vary slightly from image shown. If item style is paramount then please request sample of current shipment prior to ordering. All orders subject to Logo-Line''s Terms and Conditions.'~~~Item + 4 Colour Digital Direct Print (2 Position) and Case + 1 Colour (1 Position)~2 Position~4 Colour~Direct Digital Print~~~25~~25~37.50~50~35.81~100~35.48~250~30.28~500~30.00~~~~~~~New Design~80~100~Over 100 Free.~Repeat Design~40~~~~~~~~~Stock: 3 Working Days from approval of artwork, Indent: ~https://www.logoline.com.au/product.aspx?i=LL9412
Logo-Line Australia~S005175~The Collections of Logo-Line~~~Current~46MLL9413~Family Light Up Gift Set in Zippered Case - Pack C~~Technology~~Technology | Cables~~~0~'Family set of 2000mAh Power Bank, Dual USB Car Charger, 3 in 1 Cable packed in Small EVA Low Profile Case.

Includes items:
LL9400 Family Light Up Mobile Phone Power Bank
LL9402 Family Light Up Dual USB Car Charger
LL9404 Family Light Up 3 in 1 Cable
LL6673 Small EVA Zipper Case Low Profile 38mmH'~~~Zipper Case - EVA, Power Bank & Cable - ABS.~Case: Approx. 115mmL x 80mmH x 38mmD, Power Bank: 84mmL x 26mmH x 31mmH, Charger: 64mmL x 31mmW x 26mmH, Cable Body 31mmL x 26mmW x 15mmH, Cable approx. 45mmL~~LL9413.jpg~~~~White and Blue | White and Clear | White and Green | White and Red~~~~~~~4CP Digital Direct Print : Insert Panel - Rectangle 25mmL x 20mmH (with rounded corners); Pad Print on EVA Case : LL6673 EVA Case - Rectangle 60mmL x 35mmH; 4CP Digital Direct Print on EVA Case : LL6673 EVA Case - Rectangle 60mmL x 35mmH~0~0~'Gst: 10% Gst Additional. Freight: Additional If Required. Indent: We will not hold indent prices if quantites are to be supplied from stock. Images: Current stocked item style may vary slightly from image shown. If item style is paramount then please request sample of current shipment prior to ordering. All orders subject to Logo-Line''s Terms and Conditions.'~~~Item + 4 Colour Digital Direct Print (3 Position) and  Case +1 Colour Pad Print (1 Position)~3 Position~4 Colour~Direct Digital Print~~~25~~25~48.92~50~46.37~100~42.39~250~38.82~500~38.40~~~~~~~New Design~80~150~Over 100 Free.~Repeat Design~40~~~~~~~~~Stock: 3 Working Days from approval of artwork, Indent: ~https://www.logoline.com.au/product.aspx?i=LL9413
Logo-Line Australia~S005175~The Collections of Logo-Line~~~Current~46MLL9414~Family Light Up Gift Set in Zippered Case - Pack D~~Technology~~Technology | Cables~~~0~'Family set of 2000mAh Power Bank, Dual USB Car Charger, 3 in 1 Cable, SD Card Reader, Ulta Bright LED Light packed in Medium EVA 50mmH Case. 

Includes items:
LL9400 Family Light Up Mobile Phone Power Bank
LL9402 Family Light Up Dual USB Car Charger
LL9404 Family Light Up 3 in 1 Cable
LL9408 Family Dual USB A Hub & SD or MICRO SD Card Reader
LL9406 Family Ultra Bright 8 LED USB Light  
LL6668 Medium EVA Zipper Case 50mmH'~~~Zipper Case - EVA, Power Bank & Cable - ABS.~Case: Approx. 115mmL x 80mmH x 38mmD, Power Bank: 84mmL x 26mmH x 31mmH, Charger: 64mmL x 31mmW x 26mmH, USB Light: 31mmL x 26mmH x 15mmD, Hub: 36mmL x 31mmH x 17mmD + USB Connector~~LL9414.jpg~~~~White and Blue | White and Clear | White and Green | White and Red~~~~~~~4CP Digital Direct Print : Insert Panel - Rectangle 25mmL x 20mmH (with rounded corners); Screen Print on EVA Case : Front or Back - Rectangle 100mmL x 50mmH; 4CP Digital Direct Print : Front or Back - Rectangle 60mmL x 50mmH~0~0~'Gst: 10% Gst Additional. Freight: Additional If Required. Indent: We will not hold indent prices if quantites are to be supplied from stock. Images: Current stocked item style may vary slightly from image shown. If item style is paramount then please request sample of current shipment prior to ordering. All orders subject to Logo-Line''s Terms and Conditions.'~~~Item + 4 Colour Digital Direct Print (5 Position) and Case + 1 Colour Pad Print (1 Position)~5 Position~4 Colour~Direct Digital Print~~~25~~25~66.08~50~62.26~100~56.20~250~51.65~500~51.22~~~~~~~New Design~80~50~Over 100 Free.~Repeat Design~40~~~~~~~~~Stock: 3 Working Days from approval of artwork, Indent: ~https://www.logoline.com.au/product.aspx?i=LL9414
Logo-Line Australia~S005175~The Collections of Logo-Line~~~Current~46MLL9500~5 Port Wonder Wall Charger~~Technology~~Technology | Chargers & Adapters~~~0~'5 USB Port Wall Charger with SAA Australian standards compliance certification. Figure 8 mains power lead with 2 Pin Plug, 5V Output & each USB port capped at maximum of 2.4A by smart chip. Maximum combined output of all 5 ports is 7.8A. A must have for homes, offices, restaurants that charge multiple devices. Optional EVA black zippered pouch available at additional cost.
'~~~PC Body & Acrylic Card~Charger: 93mmL x 26mmH x 55mmD; Box 132mmL x 44mmH x 170mmD~~LL9500.jpg~~~~Black~~~~~~~4CP Digital Direct Print : Top - Rectangle 88mmL x 50mmH; Screen Print on EVA Case : LL6668 - Front or Back - Rectangle 100mmL x 50mmH; 4CP Digital Direct Print on EVA Case : LL6668 - Front or Back - Rectangle 60mmL x 50mmH~0~0~'Gst: 10% Gst Additional. Freight: Additional If Required. Indent: We will not hold indent prices if quantites are to be supplied from stock. Images: Current stocked item style may vary slightly from image shown. If item style is paramount then please request sample of current shipment prior to ordering. All orders subject to Logo-Line''s Terms and Conditions.'~~~Item + 4 Colour Digital Direct Print (1 Position)~1 Position~4 Colour~Direct Digital Print~~~25~~25~45.33~50~42.90~100~38.73~250~35.00~500~34.03~~~~~~~New Design~50~50~Over 100 Free.~Repeat Design~50~~28~24~36~5.8~20~0.02~'Standard: Blister packed in white printed retail box with hanger
Optional: LL6668 Medium EVA Zipper Case 50mmH (item inserted into case)'~Stock: 3 working Days from approval of final artwork, 24 hour turnaround available by arrangement, Indent: ~https://www.logoline.com.au/product.aspx?i=LL9500
Logo-Line Australia~S005175~The Collections of Logo-Line~~~Current~46MLL9753~Stone Paper Notebook~~Noteworthy~~Stationery | Notebooks & Journals~~~0~'Recycled cardboard cover side spiral bound notebook. 68 lined pages of paper made from stone or rock. Can be marked with metal objects as well as pens. Tough paper works in extreme conditions, water resistant, tear resistant, grease proof and anti bacterial.  Recycled symbol die cut on cover.  
Paper made from recycled construction materials and plasticiser. Paper can be recycled. Due to stone paper pages have a smoother surface than traditional notebook paper.'~~~Case: Cardboard, Spiral: Metal, Pages: Stone Paper~130mmL x 183mmH x 9mmD~~LL9753.jpg~~~~Natural and Green~~~~~~~Pad Print : Front Cover - Square 60mmL x 60mmH; Screen Print : Front Cover - Rectangle 60mmL x 80mmH; 4CP Standard Label : Front Cover - Circle 45mm Diameter, Front Cover - Square 50mmL x 50mmH| Front Cover - Rectangle 71mmL x 41mmH~0~0~'Gst: 10% Gst Additional. Freight: Additional If Required. Indent: We will not hold indent prices if quantites are to be supplied from stock. Images: Current stocked item style may vary slightly from image shown. If item style is paramount then please request sample of current shipment prior to ordering. All orders subject to Logo-Line''s Terms and Conditions.'~~~Item + 1 Colour Pad Print (1 Position)~1 Position~1 Colour~Pad Print~~~50~5,000~50~5.55~100~4.88~250~4.62~500~4.29~1000~3.92~~~~~~~New Design~80~50~Over 250 Free.~Repeat Design~40~~44~21~29~13~50~0.0268~Individual cardboard sleeve~Stock: 3 Working Days from approval of artwork, Indent: 10-12 Weeks Ex Overseas Factory~https://www.logoline.com.au/product.aspx?i=LL9753
Logo-Line Australia~S005175~The Collections of Logo-Line~~~Current~46MLL9753~Stone Paper Notebook~~Noteworthy~~Stationery | Notebooks & Journals~~~0~'Recycled cardboard cover side spiral bound notebook. 68 lined pages of paper made from stone or rock. Can be marked with metal objects as well as pens. Tough paper works in extreme conditions, water resistant, tear resistant, grease proof and anti bacterial.  Recycled symbol die cut on cover.  
Paper made from recycled construction materials and plasticiser. Paper can be recycled. Due to stone paper pages have a smoother surface than traditional notebook paper.'~~~Case: Cardboard, Spiral: Metal, Pages: Stone Paper~130mmL x 183mmH x 9mmD~~LL9753.jpg~~~~Natural and Green~~~~~~~Pad Print : Front Cover - Square 60mmL x 60mmH; Screen Print : Front Cover - Rectangle 60mmL x 80mmH; 4CP Standard Label : Front Cover - Circle 45mm Diameter, Front Cover - Square 50mmL x 50mmH| Front Cover - Rectangle 71mmL x 41mmH~0~0~'Gst: 10% Gst Additional. Freight: Additional If Required. Indent: We will not hold indent prices if quantites are to be supplied from stock. Images: Current stocked item style may vary slightly from image shown. If item style is paramount then please request sample of current shipment prior to ordering. All orders subject to Logo-Line''s Terms and Conditions.'~~~Item + 4 Colour Label Print (1 Position)~1 Position~4 Colour~Label Print~~~50~5,000~50~5.14~100~4.46~250~4.22~500~3.90~1000~3.84~~~~~~~New Design~50~50~~~~~44~21~29~13~50~0.0268~Individual cardboard sleeve~Stock: 3 Working Days from approval of artwork, Indent: 10-12 Weeks Ex Overseas Factory~https://www.logoline.com.au/product.aspx?i=LL9753
Logo-Line Australia~S005175~The Collections of Logo-Line~~~Current~46MLL503~Supa Shopper Short Handle Calico Bag - 130 GSM~~Bamboo Cotton & Calico Bags~~Bags | Cotton & Calico Bags~~~0~'Large calico bag with bottom gusset and two handles. Ideal for environmental projects as calico is a renewable resource and bags are continually re-used. This product is part of our Green Conceptz Collection which promotes environmentally friendly, and eco friendly messages. 
'~~~Calico - 130 GSM~Bag: 390mmL x 425mmH, Handle Length: 400mmL, Side & Bottom Gussets: Approx. 120mmL~~LL503.jpg~~~~Natural~~~~~~~Screen Print : Front or Back - Rectangle 295mmL x 320mmH; RBG Direct to Garment Print : Front or Back - Rectangle 290mmL x 320mmH~0~0~'Gst: 10% Gst Additional. Freight: Additional If Required. Indent: We will not hold indent prices if quantites are to be supplied from stock. Images: Current stocked item style may vary slightly from image shown. If item style is paramount then please request sample of current shipment prior to ordering. All orders subject to Logo-Line''s Terms and Conditions.'~~~Item + 1 Colour Pad Print ( 1 Position)~1 Position~1 Colour~Pad Print~~~100~10,000~100~5.61~250~4.90~500~4.23~1000~3.69~2500~3.07~~~~~~~New Design~80~50~Over 500 Free.~Repeat Design~40~~38~41~44~17~200~0.0686~25 per bundle~Stock: 3 Working Days from approval of artwork, Indent: 12-14 Weeks Ex Overseas Factory~https://www.logoline.com.au/product.aspx?i=LL503
Logo-Line Australia~S005175~The Collections of Logo-Line~~~Current~46MLL503~Supa Shopper Short Handle Calico Bag - 130 GSM~~Bamboo Cotton & Calico Bags~~Bags | Cotton & Calico Bags~~~0~'Large calico bag with bottom gusset and two handles. Ideal for environmental projects as calico is a renewable resource and bags are continually re-used. This product is part of our Green Conceptz Collection which promotes environmentally friendly, and eco friendly messages. 
'~~~Calico - 130 GSM~Bag: 390mmL x 425mmH, Handle Length: 400mmL, Side & Bottom Gussets: Approx. 120mmL~~LL503.jpg~~~~Natural~~~~~~~Screen Print : Front or Back - Rectangle 295mmL x 320mmH; RBG Direct to Garment Print : Front or Back - Rectangle 290mmL x 320mmH~0~0~'Gst: 10% Gst Additional. Freight: Additional If Required. Indent: We will not hold indent prices if quantites are to be supplied from stock. Images: Current stocked item style may vary slightly from image shown. If item style is paramount then please request sample of current shipment prior to ordering. All orders subject to Logo-Line''s Terms and Conditions.'~~~Item + 4 Colour Digital Transfer ( 1 Position)~1 Position~4 Colour~Digital Transfer~~~100~10,000~100~8.55~250~7.48~500~6.97~1000~6.53~2500~5.82~~~~~~~New Design~160~50~Over 500 Free.~Repeat Design~80~~38~41~44~17~200~0.0686~25 per bundle~Stock: 3 Working Days from approval of artwork, Indent: 12-14 Weeks Ex Overseas Factory~https://www.logoline.com.au/product.aspx?i=LL503
Logo-Line Australia~S005175~The Collections of Logo-Line~~~Current~46MLL509~Coloured Cotton Double Short Handle Tote Bag - 140 GSM~~Bamboo Cotton & Calico Bags~~Bags | Cotton & Calico Bags~~~0~'Coloured short handle cotton tote bags.  This product is part of our Green Conceptz Collection which promotes environmentally friendly, and eco friendly messages. 

Ideal for environmental projects as cotton is a renewable resource.  Join the revolution to reduce the use of plastic bags!'~~~Cotton - 140 GSM~Bag: 370mmL x 420mmH, Handle Length: 400mmL~~LL509.jpg~~~~Black | Dark Blue | Green | Light Blue | Orange | Pink | Purple | Red | White | Yellow~~~~~~~Screen Print : Front or Back - Rectangle 250mmL x 320mmH; RBG Direct to Garment Print (White Bags Only) : Front or Back - Rectangle 290mmL x 320mmH~0~0~'Gst: 10% Gst Additional. Freight: Additional If Required. Indent: We will not hold indent prices if quantites are to be supplied from stock. Images: Current stocked item style may vary slightly from image shown. If item style is paramount then please request sample of current shipment prior to ordering. All orders subject to Logo-Line''s Terms and Conditions.'~~~Item + 1 Colour Pad Print ( 1 Position)~1 Position~1 Colour~Pad Print~~~100~10,000~100~4.48~250~3.60~500~3.26~1000~2.74~2500~2.45~~~~~~~New Design~80~50~Over 500 Free.~Repeat Design~40~~37~39~45~17~250~0.0649~50 per bundle~Stock: 3 Working Days from approval of artwork, Indent: 12-14 Weeks Ex Overseas Factory~https://www.logoline.com.au/product.aspx?i=LL509
Logo-Line Australia~S005175~The Collections of Logo-Line~~~Current~46MLL509~Coloured Cotton Double Short Handle Tote Bag - 140 GSM~~Bamboo Cotton & Calico Bags~~Bags | Cotton & Calico Bags~~~0~'Coloured short handle cotton tote bags.  This product is part of our Green Conceptz Collection which promotes environmentally friendly, and eco friendly messages. 

Ideal for environmental projects as cotton is a renewable resource.  Join the revolution to reduce the use of plastic bags!'~~~Cotton - 140 GSM~Bag: 370mmL x 420mmH, Handle Length: 400mmL~~LL509.jpg~~~~Black | Dark Blue | Green | Light Blue | Orange | Pink | Purple | Red | White | Yellow~~~~~~~Screen Print : Front or Back - Rectangle 250mmL x 320mmH; RBG Direct to Garment Print (White Bags Only) : Front or Back - Rectangle 290mmL x 320mmH~0~0~'Gst: 10% Gst Additional. Freight: Additional If Required. Indent: We will not hold indent prices if quantites are to be supplied from stock. Images: Current stocked item style may vary slightly from image shown. If item style is paramount then please request sample of current shipment prior to ordering. All orders subject to Logo-Line''s Terms and Conditions.'~~~Item + 4 Colour Digital Transfer Print ( 1 Position)~1 Position~4 Colour~Digital Transfer~~~100~10,000~100~7.42~250~6.43~500~6.00~1000~5.50~2500~5.03~~~~~~~New Design~80~50~Over 500 Free.~Repeat Design~40~~37~39~45~17~250~0.0649~50 per bundle~Stock: 3 Working Days from approval of artwork, Indent: 12-14 Weeks Ex Overseas Factory~https://www.logoline.com.au/product.aspx?i=LL509
Logo-Line Australia~S005175~The Collections of Logo-Line~~~Current~46MLL510~Coloured Cotton Double Long Handle Conference Bag - 140 GSM~~Bamboo Cotton & Calico Bags~~Bags | Cotton & Calico Bags~~~0~'Double long handle cotton tote bags.  This product is part of our Green Conceptz Collection which promotes environmentally friendly, and eco friendly messages. 

 Ideal for environmental projects as cotton is a renewable resource.  Join the revolution to reduce the use of plastic bags!'~~~Cotton - 140 GSM~Bag: 375mmL x 420mmH, Handle Length: 800mmL, Bottom Gusset: 75mmD~~LL510.jpg~~~~Black | Dark Blue | Green | Light Blue | Red | White~~~~~~~Screen Print : Front or Back - Rectangle 250mmL x 320mmH; RBG Direct to Garment Print (White Bags Only) : Front or Back - Rectangle 290mmL x 320mmH~0~0~'Gst: 10% Gst Additional. Freight: Additional If Required. Indent: We will not hold indent prices if quantites are to be supplied from stock. Images: Current stocked item style may vary slightly from image shown. If item style is paramount then please request sample of current shipment prior to ordering. All orders subject to Logo-Line''s Terms and Conditions.'~~~Item + 1 Colour Pad Print ( 1 Position)~1 Position~1 Colour~Pad Print~~~100~10,000~100~5.31~250~4.20~500~3.97~1000~3.42~2500~2.88~~~~~~~New Design~80~50~Over 500 Free.~Repeat Design~40~~36~39~45~15~200~0.0632~50 per bundle~Stock: 3 Working Days from approval of artwork, Indent: 12-14 Weeks Ex Overseas Factory~https://www.logoline.com.au/product.aspx?i=LL510
Logo-Line Australia~S005175~The Collections of Logo-Line~~~Current~46MLL510~Coloured Cotton Double Long Handle Conference Bag - 140 GSM~~Bamboo Cotton & Calico Bags~~Bags | Cotton & Calico Bags~~~0~'Double long handle cotton tote bags.  This product is part of our Green Conceptz Collection which promotes environmentally friendly, and eco friendly messages. 

 Ideal for environmental projects as cotton is a renewable resource.  Join the revolution to reduce the use of plastic bags!'~~~Cotton - 140 GSM~Bag: 375mmL x 420mmH, Handle Length: 800mmL, Bottom Gusset: 75mmD~~LL510.jpg~~~~Black | Dark Blue | Green | Light Blue | Red | White~~~~~~~Screen Print : Front or Back - Rectangle 250mmL x 320mmH; RBG Direct to Garment Print (White Bags Only) : Front or Back - Rectangle 290mmL x 320mmH| Submit design for acceptance and price~0~0~'Gst: 10% Gst Additional. Freight: Additional If Required. Indent: We will not hold indent prices if quantites are to be supplied from stock. Images: Current stocked item style may vary slightly from image shown. If item style is paramount then please request sample of current shipment prior to ordering. All orders subject to Logo-Line''s Terms and Conditions.'~~~Item + 4 Colour Digital Transfer Print ( 1 Position)~1 Position~4 Colour~Digital Transfer~~~100~10,000~100~8.25~250~6.81~500~6.71~1000~6.13~2500~5.63~~~~~~~New Design~160~50~Over 500 Free.~Repeat Design~80~~36~39~45~15~200~0.0632~50 per bundle~Stock: 3 Working Days from approval of artwork, Indent: 12-14 Weeks Ex Overseas Factory~https://www.logoline.com.au/product.aspx?i=LL510
Logo-Line Australia~S005175~The Collections of Logo-Line~~~Current~46MLL512~Calico Double Long Handle Conference Bag - 140 GSM~~Bamboo Cotton & Calico Bags~~Bags | Cotton & Calico Bags~~~0~'Double long handle calico tote bag. This product is part of our Green Conceptz Collection which promotes environmentally friendly, and eco friendly messages.  

Ideal for environmental projects as calico is a renewable resource. Most supermarkets and retail outlets sell and encourage consumers to use calico bags. Join the revolution to reduce the use of plastic shopping bags!'~~~Calico - 140 GSM~Bag: 375mmL x 420mmH, Handle Length: 800mmL, Bottom Gusset: 70mmD~~LL512.jpg~~~~Natural~~~~~~~Screen Print : Front or Back - Rectangle 295mmL x 320mmH; RBG Direct to Garment Print : Front or Back - Rectangle 290mmL x 320mmH~0~0~'Gst: 10% Gst Additional. Freight: Additional If Required. Indent: We will not hold indent prices if quantites are to be supplied from stock. Images: Current stocked item style may vary slightly from image shown. If item style is paramount then please request sample of current shipment prior to ordering. All orders subject to Logo-Line''s Terms and Conditions.'~~~Item + 1 Colour Pad Print ( 1 Position)~1 Position~1 Colour~Pad Print~~~100~10,000~100~4.58~250~3.65~500~3.45~1000~2.90~2500~2.60~~~~~~~New Design~80~50~Over 500 Free.~Repeat Design~40~~32~39~45~14.5~200~0.0562~50 per bundle~Stock: 3 Working Days from approval of artwork, Indent: 12-14 Weeks Ex Overseas Factory~https://www.logoline.com.au/product.aspx?i=LL512
Logo-Line Australia~S005175~The Collections of Logo-Line~~~Current~46MLL512~Calico Double Long Handle Conference Bag - 140 GSM~~Bamboo Cotton & Calico Bags~~Bags | Cotton & Calico Bags~~~0~'Double long handle calico tote bag. This product is part of our Green Conceptz Collection which promotes environmentally friendly, and eco friendly messages.  

Ideal for environmental projects as calico is a renewable resource. Most supermarkets and retail outlets sell and encourage consumers to use calico bags. Join the revolution to reduce the use of plastic shopping bags!'~~~Calico - 140 GSM~Bag: 375mmL x 420mmH, Handle Length: 800mmL, Bottom Gusset: 70mmD~~LL512.jpg~~~~Natural~~~~~~~Screen Print : Front or Back - Rectangle 295mmL x 320mmH; RBG Direct to Garment Print : Front or Back - Rectangle 290mmL x 320mmH~0~0~'Gst: 10% Gst Additional. Freight: Additional If Required. Indent: We will not hold indent prices if quantites are to be supplied from stock. Images: Current stocked item style may vary slightly from image shown. If item style is paramount then please request sample of current shipment prior to ordering. All orders subject to Logo-Line''s Terms and Conditions.'~~~Item + 4 Colour Digital Transfer Print ( 1 Position)~1 Position~4 Colour~Digital Transfer~~~100~10,000~100~7.53~250~6.48~500~6.19~1000~5.66~2500~5.18~~~~~~~New Design~80~50~Over 500 Free.~Repeat Design~40~~32~39~45~14.5~200~0.0562~50 per bundle~Stock: 3 Working Days from approval of artwork, Indent: 12-14 Weeks Ex Overseas Factory~https://www.logoline.com.au/product.aspx?i=LL512
Logo-Line Australia~S005175~The Collections of Logo-Line~~~Current~46MLL514~Short Handle Bamboo Tote Bag - 100 GSM~~Bamboo Cotton & Calico Bags~~Bags | Cotton & Calico Bags~~~0~'Double short handle bamboo tote bag. This product is part of our Green Conceptz Collection which promotes environmentally friendly, and eco friendly messages. 

Made from Bamboo, one of the world''s fastest growing plants. Ideal for environmental projects as bamboo is a renewable resource and biodegradable. Join the revolution to reduce the use of plastic shopping bags!'~~~Bamboo - 100 GSM~Bag: 370mmL x 420mmH, Handles: 400mmL~~LL514.jpg~~~~Natural~~~~~~~Screen Print : Front or Back - Rectangle 295mmL x 320mmH; RBG Direct to Garment Print : Front or Back - Rectangle 290mmL x 320mmH~0~0~'Gst: 10% Gst Additional. Freight: Additional If Required. Indent: We will not hold indent prices if quantites are to be supplied from stock. Images: Current stocked item style may vary slightly from image shown. If item style is paramount then please request sample of current shipment prior to ordering. All orders subject to Logo-Line''s Terms and Conditions.'~~~Item + 1 Colour Pad Print ( 1 Position)~1 Position~1 Colour~Pad Print~~~100~10,000~100~5.05~250~4.37~500~4.13~1000~3.60~2500~3.03~~~~~~~New Design~80~50~Over 500 Free.~Repeat Design~40~~40~39~45~10~200~0.0702~50 per bundle~Stock: 3 Working Days from approval of artwork, Indent: 12-14 Weeks Ex Overseas Factory~https://www.logoline.com.au/product.aspx?i=LL514
Logo-Line Australia~S005175~The Collections of Logo-Line~~~Current~46MLL514~Short Handle Bamboo Tote Bag - 100 GSM~~Bamboo Cotton & Calico Bags~~Bags | Cotton & Calico Bags~~~0~'Double short handle bamboo tote bag. This product is part of our Green Conceptz Collection which promotes environmentally friendly, and eco friendly messages. 

Made from Bamboo, one of the world''s fastest growing plants. Ideal for environmental projects as bamboo is a renewable resource and biodegradable. Join the revolution to reduce the use of plastic shopping bags!'~~~Bamboo - 100 GSM~Bag: 370mmL x 420mmH, Handles: 400mmL~~LL514.jpg~~~~Natural~~~~~~~Screen Print : Front or Back - Rectangle 295mmL x 320mmH; RBG Direct to Garment Print : Front or Back - Rectangle 290mmL x 320mmH~0~0~'Gst: 10% Gst Additional. Freight: Additional If Required. Indent: We will not hold indent prices if quantites are to be supplied from stock. Images: Current stocked item style may vary slightly from image shown. If item style is paramount then please request sample of current shipment prior to ordering. All orders subject to Logo-Line''s Terms and Conditions.'~~~Item + 4 Colour Digital Transfer Print ( 1 Position)~1 Position~4 Colour~Digital Transfer~~~100~10,000~100~7.99~250~6.97~500~6.87~1000~6.29~2500~5.78~~~~~~~New Design~160~50~Over 500 Free.~Repeat Design~80~~40~39~45~10~200~0.0702~50 per bundle~Stock: 3 Working Days from approval of artwork, Indent: 12-14 Weeks Ex Overseas Factory~https://www.logoline.com.au/product.aspx?i=LL514
Logo-Line Australia~S005175~The Collections of Logo-Line~~~Current~46MLL515~Long Handle Bamboo Conference Bag - 100 GSM~~Bamboo Cotton & Calico Bags~~Bags | Cotton & Calico Bags~~~0~'Double long handle bamboo tote bag.  This product is part of our Green Conceptz Collection which promotes environmentally friendly, and eco friendly messages. 

Made from Bamboo, one of the world''s fastest growing plants. Ideal for environmental projects as bamboo is a renewable resource and biodegradable. Join the revolution to reduce the use of plastic shopping bags!'~~~Bamboo - 100 GSM~Bag: 370mmL x 420mmH, Handles: 800mmL, Bottom Gusset: 80mmH~~LL515.jpg~~~~Natural~~~~~~~Screen Print : Front or Back - Rectangle 295mmL x 320mmH; RBG Direct to Garment Print : Front or Back - Rectangle 290mmL x 320mmH~0~0~'Gst: 10% Gst Additional. Freight: Additional If Required. Indent: We will not hold indent prices if quantites are to be supplied from stock. Images: Current stocked item style may vary slightly from image shown. If item style is paramount then please request sample of current shipment prior to ordering. All orders subject to Logo-Line''s Terms and Conditions.'~~~Item + 1 Colour Pad Print ( 1 Position)~1 Position~1 Colour~Pad Print~~~100~10,000~100~5.97~250~5.25~500~5.00~1000~4.19~2500~3.69~~~~~~~New Design~80~50~Over 500 Free.~Repeat Design~40~~27~39~45~8~100~0.0474~50 per bundle~Stock: 3 Working Days from approval of artwork, Indent: 12-14 Weeks Ex Overseas Factory~https://www.logoline.com.au/product.aspx?i=LL515
Logo-Line Australia~S005175~The Collections of Logo-Line~~~Current~46MLL515~Long Handle Bamboo Conference Bag - 100 GSM~~Bamboo Cotton & Calico Bags~~Bags | Cotton & Calico Bags~~~0~'Double long handle bamboo tote bag.  This product is part of our Green Conceptz Collection which promotes environmentally friendly, and eco friendly messages. 

Made from Bamboo, one of the world''s fastest growing plants. Ideal for environmental projects as bamboo is a renewable resource and biodegradable. Join the revolution to reduce the use of plastic shopping bags!'~~~Bamboo - 100 GSM~Bag: 370mmL x 420mmH, Handles: 800mmL, Bottom Gusset: 80mmH~~LL515.jpg~~~~Natural~~~~~~~Screen Print : Front or Back - Rectangle 295mmL x 320mmH; RBG Direct to Garment Print : Front or Back - Rectangle 290mmL x 320mmH~0~0~'Gst: 10% Gst Additional. Freight: Additional If Required. Indent: We will not hold indent prices if quantites are to be supplied from stock. Images: Current stocked item style may vary slightly from image shown. If item style is paramount then please request sample of current shipment prior to ordering. All orders subject to Logo-Line''s Terms and Conditions.'~~~Item + 4 Colour Digital Transfer Print ( 1 Position)~1 Position~4 Colour~Digital Transfer~~~100~10,000~100~8.58~250~7.82~500~7.74~1000~7.15~2500~6.44~~~~~~~New Design~80~50~Over 500 Free.~Repeat Design~40~~27~39~45~8~100~0.0474~50 per bundle~Stock: 3 Working Days from approval of artwork, Indent: 12-14 Weeks Ex Overseas Factory~https://www.logoline.com.au/product.aspx?i=LL515
Logo-Line Australia~S005175~The Collections of Logo-Line~~~Current~46MLL516~Giant Bamboo Carry Bag with Double Handles - 100 GSM~~Bamboo Cotton & Calico Bags~~Bags | Cotton & Calico Bags~~~0~'Jumbo double handle non-woven bamboo carry bag.  This product is part of our Green Conceptz Collection which promotes environmentally friendly, and eco friendly messages. 

Made from bamboo, one of the world''s fastest growing plants. Ideal for environmental projects as bamboo is a renewable resource and biodegradable. Join the revolution to reduce the use of plastic shopping bags!'~~~Bamboo - 100 GSM~Bag: 500mmL x 400mmH, Gusset: 160mmD, Handles: 640mmL.~~LL516.jpg~~~~Natural~~~~~~~Screen Print : Front or Back - Rectangle 320mmL x 295mmH; RBG Direct to Garment Print : Front or Back - Rectangle 290mmL x 300mmH~0~0~'Gst: 10% Gst Additional. Freight: Additional If Required. Indent: We will not hold indent prices if quantites are to be supplied from stock. Images: Current stocked item style may vary slightly from image shown. If item style is paramount then please request sample of current shipment prior to ordering. All orders subject to Logo-Line''s Terms and Conditions.'~~~Item + 1 Colour Pad Print ( 1 Position)~1 Position~1 Colour~Pad Print~~~100~10,000~100~7.89~250~6.81~500~6.73~1000~5.71~2500~5.15~~~~~~~New Design~80~50~Over 500 Free.~Repeat Design~40~~37~41~52~9.5~100~0.0789~50 per bundle~Stock: 3 Working Days from approval of artwork, Indent: 12-14 Weeks Ex Overseas Factory~https://www.logoline.com.au/product.aspx?i=LL516
Logo-Line Australia~S005175~The Collections of Logo-Line~~~Current~46MLL516~Giant Bamboo Carry Bag with Double Handles - 100 GSM~~Bamboo Cotton & Calico Bags~~Bags | Cotton & Calico Bags~~~0~'Jumbo double handle non-woven bamboo carry bag.  This product is part of our Green Conceptz Collection which promotes environmentally friendly, and eco friendly messages. 

Made from bamboo, one of the world''s fastest growing plants. Ideal for environmental projects as bamboo is a renewable resource and biodegradable. Join the revolution to reduce the use of plastic shopping bags!'~~~Bamboo - 100 GSM~Bag: 500mmL x 400mmH, Gusset: 160mmD, Handles: 640mmL.~~LL516.jpg~~~~Natural~~~~~~~Screen Print : Front or Back - Rectangle 320mmL x 295mmH; RBG Direct to Garment Print : Front or Back - Rectangle 290mmL x 300mmH~0~0~'Gst: 10% Gst Additional. Freight: Additional If Required. Indent: We will not hold indent prices if quantites are to be supplied from stock. Images: Current stocked item style may vary slightly from image shown. If item style is paramount then please request sample of current shipment prior to ordering. All orders subject to Logo-Line''s Terms and Conditions.'~~~Item + 4 Colour Digital Transfer Print ( 1 Position)~1 Position~4 Colour~Digital Transfer~~~100~10,000~100~10.43~250~9.55~500~8.78~1000~8.06~2500~7.90~~~~~~~New Design~80~50~Over 500 Free.~Repeat Design~40~~37~41~52~9.5~100~0.0789~50 per bundle~Stock: 3 Working Days from approval of artwork, Indent: 12-14 Weeks Ex Overseas Factory~https://www.logoline.com.au/product.aspx?i=LL516
