member_supplier_name~membership_number~catalogue_name~brand_name ~label_name ~appa_product_code~product_code~product_name~product_code_group~categorisation~category_ /_sub category~additional_keywords~product_tags~discontinued_stock~product_description~description_additional~product_features~product_materials~product_item_size~product_packaging_inner~product_image_file_name~alternate_views_image_file_names~group_image_file_name~colours_available_appa~colours_available_supplier~colour_image_file_names~colour_product_codes~product_sizes~size_images~size_product_code~decoration_options_available~decoration_areas~indent_only~branded~custom_field_1~custom_field_2~custom_field_3~price_decoration_description~price_by_size~price_by_colour~decoration_type~price_product_code~price_notes~MOQ~IOQ~qty_1~price_1~qty_2~price_2~qty_3~price_3~qty_4~price_4~qty_5~price_5~qty_6~price_6~qty_7~price_7~qty_8~price_8~additional_charges_name1~additional_charge_value1~additional_charges_notes1~additional_charges_name2~additional_charge_value2~additional_charges_notes2~carton_height~carton_width~carton_depth~carton_weight~carton_qty~carton_cubic~carton_notes~freight_description~product_URL
Must be exactly the same as what they want on the website.~Membership Number (Available through search on new site)~Catalogue Name, Accessible by End users (Company name not reccomended)~If product has a brand name (Product)~If product has a label name (Clothing)~no entry required (Automatic)~Make sure you don't have the same product code for different products as it will merge the information into one.  Suppliers own PC.~Name of the product. (eg. Nike watch)~If product is part of a set, input group product code ~Any category their product may fit into. (eg. Pen | writing | stationary | business etc.)~For more refined search options. (eg. Category is writing, sub category is pen.)~Additional Keywords for product to be picked up in search.   ~Themed product tags (eg. Christmas, Winter, Summer, Easter, Sports etc..)~Yes or No~Larger description of specific product. ~Only use if previous description exceeds 700characters.~Any additional product features (eg. Made in Australia, machine wash etc.)~What product is made out of (eg. Polyester, steel, plastic)~Physical dimensions of product (not for clothing)~How item will be individually packaged (eg. Metal tin, envelope)~"Image file of product - *Important*                             The image file name must be exactly the same as the image INCLUDING file extension (.jpg,.png) For example: bag123.jpg
Send the images seperately (you send it via email, winzip, disc, dropbox etc)"~Alternate image files for product.~Group image of all products if available.~"enter selections from the 'colours_available_appa' tab only
 (Click here to see colours)"~Any other colours not on list, Custom colours.~Image file If you have picture of custom colours~Custom colour code if available.~Clothing Only    Clothing Size.   (S | M | L etc..)~~If clothing item has specific code for size.~What type of decoration is available for product (pad print, screen print etc..)~Dimensions of available decorating surface (eg pad print 800mm)~Yes/No (yes meaning item is indent only)~If product is already branded (eg. Eski)~If any custom information is needed.~~~"Decoration Description relates to the price in column AU - If your price does NOT include decoration put ""undecorated"" in this column... if it DOES put what it includes (example: 1 colour 1 position print,  full colour,  1 position up to 5,000 stitches) "~If you charge additionally for decorating different sizes.~If you charge additionally for using different colours~"Decoration Type relates to the price in column AU - If your price does NOT include decoration put ""none"" in this column... if it DOES put the deocoration it includes (example: Pad Print, Screen Printed, Laser Engraved)"~~Price Notes or POA~Minimum order quantity~Indent order quantity (if product is indent)~minimum must be 1. Can only be a single number.~Price of product If you do not wish to put pricing in please still put a 0~If purchasing  additional will be come cheaper -> qty 8~~~~~~~~~~~~~~Additional charges for product (eg. Setups)~~~~~~Carton Heigh~Carton Width~Carton Depth~Carton Weight~Carton QTY~Carton Cubic weight~Carton Notes~If any freight notes apply, eg. Free freight within particular area~Link to product on website
The Premier Collection~S005259~THE PREMIER COLLECTION~~~~P57~Stealth Pen ~~Pen~Pen~~~No~As the name suggests, Stealth combines sleek curves with perfect proportions. The matt finished plastic body is offset by the high gloss logo engraved on the metal clip. Available in silver, black, blue, red or gun-metal.~~~~~Bulk Packed~p57_stealth_pensml~p57_stealth_pen |p57_stealth_pen__side |p57_stealth_pen_black_ |p57_stealth_pen_red |p57_wstealth_pen_silver| p57_stealth_pensml.jpg~~~Black | Blue | Red | Silver | Gun Metal~~~~~~ None~~No~~~~~Undecorated ~~~None ~~~~~250~$0.64~500~0.56~1000~0.54~2500~0.49~5000~0.44~10000~POA~~~~~~~~~~~0.46m~0.31m~0.19m~14~1000~~~~
The Premier Collection~S005259~THE PREMIER COLLECTION~~~~P57~Stealth Pen ~~Pen~Pen~~~No~As the name suggests, Stealth combines sleek curves with perfect proportions. The matt finished plastic body is offset by the high gloss logo engraved on the metal clip. Available in silver, black, blue, red or gun-metal.~~~~~Bulk Packed ~p57_stealth_pensml~p57_stealth_pen |p57_stealth_pen__side |p57_stealth_pen_black_ |p57_stealth_pen_red |p57_wstealth_pen_silver | ~~~Black | Blue | Red | Silver | Gun Metal~~~~~~Laser engrave~~No~~~~~Engraved 1 position~~~Laser Engraved~~~~~250~$0.94~500~0.87~1000~0.84~2500~0.79~5000~0.74~10000~POA~~~~~Setup Charge~75~~Repeat Setup Charge~35~~0.46m~0.31m~0.19m~14~1000~~~~
The Premier Collection~S005259~THE PREMIER COLLECTION~~~~ECO2530~Plantation Pen~~Eco Friendly~Pen~~~No~Crafted from eco-friendly bamboo with chrome trim, Plantation combines both pen and functional stylus. Because of the unique nature of bamboo, the product and engraving colour may vary from item to item. ~~~~~Bulk packed~eco2530_plantation_pen_01~eco2530_plantation_pen_03|eco2530_plantation_pen_02.jpg~~~Natural~~~~~~None~~No~~~~~Undecorated ~~~None ~~~~~250~0.76~500~0.69~1000~0.66~2500~0.6~5000~0.55~10000~POA~~~~~~~~~~~0.48m~0.31m~0.20m~11~1000~~~~
The Premier Collection~S005259~THE PREMIER COLLECTION~~~~ECO2530~Plantation Pen~~Eco Friendly~Pen~~~No~Crafted from eco-friendly bamboo with chrome trim, Plantation combines both pen and functional stylus. Because of the unique nature of bamboo, the product and engraving colour may vary from item to item. ~~~~~Bulk packed~eco2530_plantation_pen_01~eco2530_plantation_pen_03 |eco2530_plantation_pen_02.jpg~~~Natural~~~~~~Pad Print~~No~~~~~Printed 1 colour 1 position~~~Pad Print~~~~~250~1.13~500~1.04~1000~0.98~2500~0.91~5000~0.85~10000~POA~~~~~Setup Charge~75~~Repeat Setup Charge~35~~0.48m~0.31m~0.20m~11~1000~~~~
The Premier Collection~S005259~THE PREMIER COLLECTION~~~~ECO2530~Plantation Pen~~Eco Friendly~Pen~~~No~Crafted from eco-friendly bamboo with chrome trim, Plantation combines both pen and functional stylus. Because of the unique nature of bamboo, the product and engraving colour may vary from item to item. ~~~~~Bulk packed~eco2530_plantation_pen_01~eco2530_plantation_pen_03 |eco2530_plantation_pen_02.jpg~~~Natural~~~~~~Laser engrave~~No~~~~~Engraved 1 position~~~Laser Engraved~~~~~250~1.51~500~1.44~1000~1.41~2500~1.35~5000~1.3~10000~POA~~~~~Setup Charge~75~~Repeat Setup Charge~35~~0.48m~0.31m~0.20m~11~1000~~~~
The Premier Collection~S005259~THE PREMIER COLLECTION~~~~P50~GM Stylus Pen~~Pen~Pen~~~No~This stylus pen features a soft-feel rubber coating, chrome trim and colour coordinated stylus. Available in red, blue or black. ~~~~~Bulk packed~p50_gm_styluspen_group~p50_gm_styluspen_blue | p50_gm_styluspen_red | p50_gm_styluspen_black | p50_gm_styluspen_04~~~Red | Blue | Black~~~~~~None~~No~~~~~Undecorated ~~~None ~~~~~250~$0.73~500~0.69~1000~0.67~2500~0.65~5000~0.61~10000~POA~~~~~~~~~~~0.34m~0.28m~0.16m~10~500~~~~
The Premier Collection~S005259~THE PREMIER COLLECTION~~~~P50~GM Stylus Pen~~Pen~Pen~~~No~This stylus pen features a soft-feel rubber coating, chrome trim and colour coordinated stylus. Available in red, blue or black. ~~~~~Bulk packed~p50_gm_styluspen_group~p50_gm_styluspen_blue | p50_gm_styluspen_red | p50_gm_styluspen_black | p50_gm_styluspen_04~~~Red | Blue | Black~~~~~~Laser engrave~~No~~~~~Engraved 1 position~~~Laser Engraved~~~~~250~$1.03~500~0.99~1000~0.97~2500~0.95~5000~0.91~10000~POA~~~~~Setup Charge~75~~Repeat Setup Charge~35~~0.34m~0.28m~0.16m~10~500~~~~
The Premier Collection~S005259~THE PREMIER COLLECTION~~~~P47~MD Stylus Pen~~Pen~Pen~~~No~Crafted from brushed aluminium, this quality twist action pen incorporates a super-sensitive fibre stylus ensuring smooth, friction-free movement on a smart phone or tablet. Available in black, gun-metal, blue or burgundy.~~~~~Bulk packed~p47_md_stylus_pen_sml~p47_md_stylus_pen_01 | p47_md_stylus_pen_02 | p47_md_stylus_pen_03 | p47_md_stylus_pen_04 | p47_md_stylus_pen_07 | p47_md_stylus_pen_06~~~Black | Gun-metal | Blue | Burgundy~~~~~~None~~No~~~~~Undecorated ~~~None ~~~~~100~$2.18~250~1.79~500~1.69~1000~1.64~2500~1.59~5000~1.49~10000~POA~~~~~~~~~0.47m~0.31m~0.11m~11~500~~~~
The Premier Collection~S005259~THE PREMIER COLLECTION~~~~P47~MD Stylus Pen~~Pen~Pen~~~No~Crafted from brushed aluminium, this quality twist action pen incorporates a super-sensitive fibre stylus ensuring smooth, friction-free movement on a smart phone or tablet. Available in black, gun-metal, blue or burgundy.~~~~~Bulk packed~p47_md_stylus_pen_sml~p47_md_stylus_pen_01 | p47_md_stylus_pen_02 | p47_md_stylus_pen_03 | p47_md_stylus_pen_04 | p47_md_stylus_pen_07 | p47_md_stylus_pen_06~~~Black | Gun-metal | Blue | Burgundy~~~~~~Laser engrave~~No~~~~~Engraved 1 position~~~Laser Engraved~~~~~100~$2.89~250~2.49~500~2.39~1000~2.34~2500~2.29~5000~2.19~10000~POA~~~Setup Charge~75~~Repeat Setup Charge~35~~0.47m~0.31m~0.11m~11~500~~~~
The Premier Collection~S005259~THE PREMIER COLLECTION~~~~P46~CEO Stylus Pen~~Pen~Pen~~~No~Crafted from brushed aluminium, CEO combines a traditional pen with lid together with a quality stylus. The stylus is made from super-sensitive fibre ensuring smooth, friction-free movement on a smart phone or tablet. Available in black, blue or gun-metal. ~~~~~Bulk packed~p46_ceo_stylus_pen_sml~p46_ceo_stylus_pen_black | p46_ceo_stylus_pen_blue | p46_ceo_stylus_pen_silver | 46_ceo_stylus_pen_top | p46_ceo_stylus_pen_hand~~~Black | Gun-metal | Blue~~~~~~None~~No~~~~~Undecorated ~~~None ~~~~~100~$2.64~250~2.31~500~2.18~1000~2.11~2500~2.05~5000~1.98~10000~POA~~~~~~~~~0.47m~0.31m~0.13m~13~500~~~~
The Premier Collection~S005259~THE PREMIER COLLECTION~~~~P46~CEO Stylus Pen~~Pen~Pen~~~No~Crafted from brushed aluminium, CEO combines a traditional pen with lid together with a quality stylus. The stylus is made from super-sensitive fibre ensuring smooth, friction-free movement on a smart phone or tablet. Available in black, blue or gun-metal. ~~~~~Bulk packed~p46_ceo_stylus_pen_sml~p46_ceo_stylus_pen_black | p46_ceo_stylus_pen_blue | p46_ceo_stylus_pen_silver | 46_ceo_stylus_pen_top | p46_ceo_stylus_pen_hand~~~Black | Gun-metal | Blue~~~~~~Laser engrave~~No~~~~~Engraved 1 position~~~Laser Engraved~~~~~100~$3.35~250~3.02~500~2.88~1000~2.82~2500~2.75~5000~2.69~10000~POA~~~Setup Charge~75~~Repeat Setup Charge~35~~0.47m~0.31m~0.13m~13~500~~~~
The Premier Collection~S005259~THE PREMIER COLLECTION~~~~J17~Calypso A5 Notebook~~Notepads~~~~No~These budget priced A5 notebooks feature a wood grain design with spiral binding which allows the solid cover to be folded flat behind the book for ease of use. Available in blue, red or white.~~~~215mm x 155mm wide, 140 pages~Poly bag~j17_calypso_a5_notebook_group~j17_calypso_a5_notebook_white | j17_calypso_a5_notebook_blue | j17_calypso_a5_notebook_red | j17_calypso_a5_notebook_open~~~Blue | Red | White~~~~~~None~~No~~~~~Undecorated ~~~None ~~~~~100~$2.66~250~2.1~500~1.94~1000~1.88~2500~1.83~5000~1.77~10000~1.72~~~~~~~~~0.37m~0.3m~0.24m~13~50~~~~
The Premier Collection~S005259~THE PREMIER COLLECTION~~~~J17~Calypso A5 Notebook~~Notepads~~~~No~These budget priced A5 notebooks feature a wood grain design with spiral binding which allows the solid cover to be folded flat behind the book for ease of use. Available in blue, red or white.~~~~215mm x 155mm wide, 140 pages~Poly bag~j17_calypso_a5_notebook_group~j17_calypso_a5_notebook_white | j17_calypso_a5_notebook_blue | j17_calypso_a5_notebook_red | j17_calypso_a5_notebook_open~~~Blue | Red | White~~~~~~Pad Print~~No~~~~~Printed 1 colour 1 position~~~Pad Print~~~~~100~$3.42~250~2.48~500~2.28~1000~2.2~2500~2.14~5000~2.07~10000~2.02~~~Setup Charge~75~~Repeat Setup Charge~35~~0.37m~0.3m~0.24m~13~50~~~~
The Premier Collection~S005259~THE PREMIER COLLECTION~~~~J13~Calypso A4 Notebook~~Notepads~~~~No~These budget priced A4 notebooks feature a wood grain design, spiral binding (which allows the solid cover to be folded flat behind the book – for ease of use) as well as elastic closure. Available in blue or white. ~~~~295mm x 220mm wide, 160 pages~Poly bag~J13_calypso_a4notebook_main~j13_calypso_a4notebook_white | j13_calypso_a4notebook_blue | j13_calypso_a4notebook_open~~~Blue | White~~~~~~None~~No~~~~~Undecorated ~~~None ~~~~~100~$3.71~250~3.53~500~3.25~1000~3.16~2500~3.06~5000~2.97~10000~2.88~~~~~~~~~0.42m~0.26m~0.32m~16~30~~~~
The Premier Collection~S005259~THE PREMIER COLLECTION~~~~J13~Calypso A4 Notebook~~Notepads~~~~No~These budget priced A4 notebooks feature a wood grain design, spiral binding (which allows the solid cover to be folded flat behind the book – for ease of use) as well as elastic closure. Available in blue or white. ~~~~295mm x 220mm wide, 160 pages~Poly bag~J13_calypso_a4notebook_main~j13_calypso_a4notebook_white | j13_calypso_a4notebook_blue | j13_calypso_a4notebook_open~~~Blue | White~~~~~~Pad Print~~No~~~~~Printed 1 colour 1 position~~~Pad Print~~~~~100~$4.47~250~3.9~500~3.6~1000~3.47~2500~3.38~5000~3.27~10000~3.18~~~Setup Charge~75~~Repeat Setup Charge~35~~0.42m~0.26m~0.32m~16~30~~~~
The Premier Collection~S005259~THE PREMIER COLLECTION~~~~J50~Havana A5 Notebook~~Notepads~~~~No~Looking for style and quality…then you need to take a look at Havana. Made with a soft leather feel cover, this A5 notebook is designed to hold a pen in its spine (pen additional). Available in black, red or blue. ~~~~213mm x 153mm wide, 240 pages~Poly bag~j50_havana_a5_notebooksml~j50_havana_a5_notebook_01 | j50_havana_a5_notebook_02 | j50_havana_a5_notebook_03 | j50_havana_a5_notebook_04 | j50_havana_a5_notebook_06~~~Black | Red | blue~~~~~~None~~No~~~~~Undecorated ~~~None ~~~~~50~$4.54~100~3.98~250~3.86~500~3.75~1000~3.52~2500~3.41~5000~3.29~10000~3.18~~~~~~~0.47m~0.34m~0.21m~16~40~~~~
The Premier Collection~S005259~THE PREMIER COLLECTION~~~~J50~Havana A5 Notebook~~Notepads~~~~No~Looking for style and quality…then you need to take a look at Havana. Made with a soft leather feel cover, this A5 notebook is designed to hold a pen in its spine (pen additional). Available in black, red or blue. ~~~~213mm x 153mm wide, 240 pages~Poly bag~j50_havana_a5_notebooksml~j50_havana_a5_notebook_01 | j50_havana_a5_notebook_02 | j50_havana_a5_notebook_03 | j50_havana_a5_notebook_04 | j50_havana_a5_notebook_06~~~Black | Red | blue~~~~~~Pad Print~~No~~~~~Printed 1 colour 1 position~~~Pad Print~~~~~50~$5.97~100~4.73~250~4.37~500~4.21~1000~3.97~2500~3.84~5000~3.73~10000~3.6~Setup Charge~75~~Repeat Setup Charge~35~~0.47m~0.34m~0.21m~16~40~~~~
The Premier Collection~S005259~THE PREMIER COLLECTION~~~~J51~Tab Deluxe A5 Notebook~~Notepads~~~~No~Tab Deluxe is an ingeniously designed A5 notebook with 12 inner page tabs to help keep you organised. The tabs can be used for monthly meetings, staff discussions, product details or anything that is referred to on a regular basis. Made from stylish leather feel materials and incorporating a hard cover and pen loop (pen additional), this notebook is sure to be in high demand. Available in blue or charcoal. ~~~~215mm x 145mm wide, 250 pages~Poly bag~j51_tab_deluxe_notebooksml~j51_tab_deluxe_notebook_01 | j51_tab_deluxe_notebook_02 | j51_tab_deluxe_notebook_03 | j51_tab_deluxe_notebook_05 | j51_tab_deluxe_notebook_07~~~Blue | Charcoal~~~~~~None~~No~~~~~Undecorated ~~~None ~~~~~50~$4.78~100~4.19~250~4.07~500~3.95~1000~3.71~2500~3.59~5000~3.47~10000~3.35~~~~~~~0.46m~0.32m~0.24m~18~40~~~~
The Premier Collection~S005259~THE PREMIER COLLECTION~~~~J51~Tab Deluxe A5 Notebook~~Notepads~~~~No~Tab Deluxe is an ingeniously designed A5 notebook with 12 inner page tabs to help keep you organised. The tabs can be used for monthly meetings, staff discussions, product details or anything that is referred to on a regular basis. Made from stylish leather feel materials and incorporating a hard cover and pen loop (pen additional), this notebook is sure to be in high demand. Available in blue or charcoal. ~~~~215mm x 145mm wide, 250 pages~Poly bag~j51_tab_deluxe_notebooksml~j51_tab_deluxe_notebook_01 | j51_tab_deluxe_notebook_02 | j51_tab_deluxe_notebook_03 | j51_tab_deluxe_notebook_05 | j51_tab_deluxe_notebook_07~~~Blue | Charcoal~~~~~~Pad Print~~No~~~~~Printed 1 colour 1 position~~~Pad Print~~~~~50~$6.21~100~4.94~250~4.58~500~4.41~1000~4.16~2500~4.02~5000~3.9~10000~3.77~Setup Charge~75~~Repeat Setup Charge~35~~0.46m~0.32m~0.24m~18~40~~~~
The Premier Collection~S005259~THE PREMIER COLLECTION~~~~G9750~New York Phone & Card Holder~~Desktop~Phone Accessories~~~No~This multi-purpose desk accessory is both stylish and practical. It’s designed to hold business cards as well as a mobile phone in either vertical or horizontal position. Your logo is laser engraved onto the metallic accent plate enhancing its upmarket appearance. ~~~~12cm wide x 4cm high x 7cm deep~Black Box~g9750_new_york_phone_card_holder_01~g9750_new_york_phone_card_holder_02 | g9750_new_york_phone_card_holder_03 | g9750_new_york_phone_card_holder_04 | g9750_new_york_phone_card_holder_05~~~Black~~~~~~None~~No~~~~~Undecorated ~~~None ~~~~~50~$2.97~100~2.72~250~2.59~500~2.46~1000~2.39~2500~2.2~5000~2.2~10000~POA~~~~~~~~~~~~~~~
The Premier Collection~S005259~THE PREMIER COLLECTION~~~~G9750~New York Phone & Card Holder~~Desktop~Phone Accessories~~~No~This multi-purpose desk accessory is both stylish and practical. It’s designed to hold business cards as well as a mobile phone in either vertical or horizontal position. Your logo is laser engraved onto the metallic accent plate enhancing its upmarket appearance. ~~~~12cm wide x 4cm high x 7cm deep~Black Box~g9750_new_york_phone_card_holder_01~g9750_new_york_phone_card_holder_02 | g9750_new_york_phone_card_holder_03 | g9750_new_york_phone_card_holder_04 | g9750_new_york_phone_card_holder_05~~~Black~~~~~~Laser engrave~~No~~~~~Engraved 1 position~~~Engraved~~~~~50~$5.06~100~3.88~250~3.75~500~3.62~1000~3.56~2500~3.36~5000~3.36~10000~POA~Setup Charge~75~~Repeat Setup Charge~35~~~~~~~~~~
The Premier Collection~S005259~THE PREMIER COLLECTION~~~~TE3000~Photo Plus Lens Kit~~Leisure~Phone Accessories ~~~No~This lens kit is an ideal accessory for the amateur photographer. The lenses easily attach to your mobile phone enhancing your camera options and creating photographic opportunities previously not available when taking photos on a mobile. Supplied with 3 lenses including a Fish Eye, Wide Angle and Macro lens all neatly supplied in a soft-feel mini case. ~~~~11.5cm wide x 7.5cm high x 3.5cm deep (case)~Bulk packed~te3000_photo_plus_lense_kit_sml~te3000_photo_plus_lense_kit_01 | te3000_photo_plus_lense_kit_02 | te3000_photo_plus_lense_kit_03 | te3000_photo_plus_lense_kit_04 | te3000_photo_plus_lense_kit_111 | te3000_photo_plus_lense_kit_011211~~~Black~~~~~~None~~No~~~~~Undecorated ~~~None ~~~~~50~$4.82~100~4.44~250~4.31~500~4.18~1000~3.93~2500~3.8~5000~3.68~10000~POA~~~~~~~~~~~~~~~
The Premier Collection~S005259~THE PREMIER COLLECTION~~~~TE3000~Photo Plus Lens Kit~~Leisure~Phone Accessories ~~~No~This lens kit is an ideal accessory for the amateur photographer. The lenses easily attach to your mobile phone enhancing your camera options and creating photographic opportunities previously not available when taking photos on a mobile. Supplied with 3 lenses including a Fish Eye, Wide Angle and Macro lens all neatly supplied in a soft-feel mini case. ~~~~11.5cm wide x 7.5cm high x 3.5cm deep (case)~Bulk packed~te3000_photo_plus_lense_kit_sml~te3000_photo_plus_lense_kit_01 | te3000_photo_plus_lense_kit_02 | te3000_photo_plus_lense_kit_03 | te3000_photo_plus_lense_kit_04 | ~~~Black~~~~~~Pad Print~~No~~~~~Printed 1 colour 1 position~~~Pad Print~~~~~50~$5.94~100~5.19~250~4.93~500~4.75~1000~4.49~2500~4.34~5000~4.22~10000~POA~Setup Charge~75~~Repeat Setup Charge~35~~~~~~~~~~
The Premier Collection~S005259~THE PREMIER COLLECTION~~~~G4937~Tradie Tool Kit~~Tools & Torches~Tools~~~No~Tradie Tool Kit combines twenty useful tools in one must-have kit. Designed for use around the office or at home, these tools remain secured in place until needed. Featuring solid construction, a carry handle and see-through lid displaying your logo for all to see. ~~~~21.8cm high x 16cm wide x 2.8cm deep~Individually boxed~g4937_tradie_tool_kit_01~g4937_tradie_tool_kit_02~~~Black with translucent lid~~~~~~None~~No~~~~~Undecorated ~~~None ~~~~~50~$8.14~100~7.9~250~7.66~500~7.42~1000~7.18~2500~6.94~5000~6.7~10000~POA~~~~~~~~~~~~~~~
The Premier Collection~S005259~THE PREMIER COLLECTION~~~~G4937~Tradie Tool Kit~~Tools & Torches~Tools~~~No~Tradie Tool Kit combines twenty useful tools in one must-have kit. Designed for use around the office or at home, these tools remain secured in place until needed. Featuring solid construction, a carry handle and see-through lid displaying your logo for all to see. ~~~~21.8cm high x 16cm wide x 2.8cm deep~Individually boxed~g4937_tradie_tool_kit_01~g4937_tradie_tool_kit_02~~~Black with translucent lid~~~~~~Pad Print~~No~~~~~Printed 1 colour 1 position~~~Pad Print~~~~~50~$9.28~100~8.77~250~8.37~500~8.07~1000~7.81~2500~7.55~5000~7.31~10000~POA~Setup Charge~75~~Repeat Setup Charge~35~~~~~~~~~~
The Premier Collection~S005259~THE PREMIER COLLECTION~~~~B5927~Stubby Deluxe~~Drinkware ~Cooler~~~No~Looking for a stylish Stubby Cooler? Then look no further. Stubby Deluxe is made with a striking soft-feel outer and lined with temperature controlling EVA. Folding flat for easy storage, this gift will be appreciated by all. ~~~~9.5cm high~Bulk packed~b5927_stubby_deluxe_01~b5927_stubby_deluxe_02~~~Grey~~~~~~None~~No~~~~~Undecorated ~~~None ~~~~~100~2.07~250~1.86~500~1.76~1000~1.66~2500~1.61~5000~1.55~10000~POA~~~~~~~~~~~~~~~~~
The Premier Collection~S005259~THE PREMIER COLLECTION~~~~B5927~Stubby Deluxe~~Drinkware~Cooler~~~No~Looking for a stylish Stubby Cooler? Then look no further. Stubby Deluxe is made with a striking soft-feel outer and lined with temperature controlling EVA. Folding flat for easy storage, this gift will be appreciated by all. ~~~~9.5cm high~Bulk packed~b5927_stubby_deluxe_01~b5927_stubby_deluxe_02~~~Grey~~~~~~Pad Print~~No~~~~~Printed 1 colour 1 position~~~Pad Print~~~~~100~2.82~250~2.48~500~2.33~1000~2.21~2500~2.15~5000~2.09~10000~POA~~~Setup Charge~75~~Repeat Setup Charge~35~~~~~~~~~~
The Premier Collection~S005259~THE PREMIER COLLECTION~~~~R97~Sip & Spray Water Bottle~~Drink Bottles~Drinkware~~~No~As the name suggests, Sip & Spray combines a water bottle and water sprayer in one ingenious device. When you start to over-heat, simply squeeze the finger trigger and a fine cooling mist spray is released - providing instant relief. Available in translucent blue or smoke, both with white trim. For use with cold liquid only. ~~~~Capacity: 600ml~Bulk packed~r97_sip_spray_water_bottle_01~r97_sip_spray_water_bottle_blue | r97_sip_spray_water_bottle_smoke | r97_sip_spray_water_bottle_red | r97_sip_spray | bpa~~~Translucent blue | Smoke | Red~~~~~~None~~No~~~~~Undecorated ~~~None ~~~~~50~$5.14~100~4.86~250~4.71~500~4.57~1000~4.29~2500~4.26~5000~4.23~10000~POA~~~~~~~0.43m~0.40m~0.54m~9~48~~~~
The Premier Collection~S005259~THE PREMIER COLLECTION~~~~R97~Sip & Spray Water Bottle~~Drink Bottles~Drinkware~~~No~As the name suggests, Sip & Spray combines a water bottle and water sprayer in one ingenious device. When you start to over-heat, simply squeeze the finger trigger and a fine cooling mist spray is released - providing instant relief. Available in translucent blue or smoke, both with white trim. For use with cold liquid only. ~~~~Capacity: 600ml~Bulk packed~r97_sip_spray_water_bottle_01~r97_sip_spray_water_bottle_blue | r97_sip_spray_water_bottle_smoke | r97_sip_spray_water_bottle_red | r97_sip_spray | bpa~~~Translucent blue | Smoke | Red~~~~~~Pad Print~~No~~~~~Printed 1 colour 1 position~~~Pad Print~~~~~50~$6.24~100~5.68~250~5.37~500~5.17~1000~4.86~2500~4.81~5000~4.78~10000~POA~Setup Charge~75~~Repeat Setup Charge~35~~0.43m~0.40m~0.54m~9~48~~~~
The Premier Collection~S005259~THE PREMIER COLLECTION~~~~R78~Chicago Water Bottle~~Drink Bottles~Drinkware~~~No~Made from BPA free Tritan, this classic shaped water bottle features a stainless steel lid and base for added style and performance. Available in translucent blue, red, green, smoke or clear. For use with cold liquid only.~~~~Capacity: 700ml~Bulk packed~r78_chicago_water_bottle_group~r78_chicago_water_bottle_blue | r78_chicago_water_bottle_green | r78_chicago_water_bottle_red | r78_chicago_water_bottle_smoke | r78_chicago_water_bottle_clear | r78_chicago_water_bottle_bottom | r78_chicago_water_bottle_top | r78_chicago_water_bottle__blue~~~Blue | Red |Green | Smoke | Clear~~~~~~None~~No~~~~~Undecorated ~~~None ~~~~~100~$3.91~250~3.8~500~3.68~1000~3.45~2500~3.43~5000~3.4~10000~POA~~~~~~~~~0.47m~0.32m~0.54m~8~48~~~~
The Premier Collection~S005259~THE PREMIER COLLECTION~~~~R78~Chicago Water Bottle~~Drink Bottles~Drinkware~~~No~Made from BPA free Tritan, this classic shaped water bottle features a stainless steel lid and base for added style and performance. Available in translucent blue, red, green, smoke or clear. For use with cold liquid only.~~~~Capacity: 700ml~Bulk packed~r78_chicago_water_bottle_group~r78_chicago_water_bottle_blue | r78_chicago_water_bottle_green | r78_chicago_water_bottle_red | r78_chicago_water_bottle_smoke | r78_chicago_water_bottle_clear | r78_chicago_water_bottle_bottom | r78_chicago_water_bottle_top | r78_chicago_water_bottle__blue~~~Blue | Red |Green | Smoke | Clear~~~~~~Pad Print~~No~~~~~Printed 1 colour 1 position~~~Pad Print~~~~~100~$4.74~250~4.46~500~4.28~1000~4.02~2500~3.98~5000~3.96~10000~POA~~~Setup Charge~75~~Repeat Setup Charge~35~~0.47m~0.32m~0.54m~8~48~~~~
The Premier Collection~S005259~THE PREMIER COLLECTION~~~~R96~Flexo Water Bottle~~Drink Bottles~Drinkware~~~No~Made from food-grade silicone, this ingenious water bottle folds up for easy transportation and storage when not in use. Featuring a one touch flip-lid, carry strap and see-through volume scale, Flexo is perfect for use at the gym, when hiking or when out and about. Available in blue or grey. For use with cold liquid only. ~~~~Capacity: 700ml~Black gift box~r96_flexo_water_bottle_01~r96_flexo_water_bottle_02 | r96_flexo_water_bottle_03 | r96_flexo_water_bottle_04 | r96_flexo_water_bottle_04 | r96_flexo_water_bottle_06~~~Blue | Grey~~~~~~None~~No~~~~~Undecorated ~~~None ~~~~~50~$8.13~100~7.66~250~7.43~500~7.2~1000~6.96~2500~6.92~5000~6.87~10000~POA~~~~~~~0.62m~0.47m~0.29m~14~48~~~~
The Premier Collection~S005259~THE PREMIER COLLECTION~~~~R96~Flexo Water Bottle~~Drink Bottles~Drinkware~~~No~Made from food-grade silicone, this ingenious water bottle folds up for easy transportation and storage when not in use. Featuring a one touch flip-lid, carry strap and see-through volume scale, Flexo is perfect for use at the gym, when hiking or when out and about. Available in blue or grey. For use with cold liquid only. ~~~~Capacity: 700ml~Black gift box~r96_flexo_water_bottle_01~r96_flexo_water_bottle_02 | r96_flexo_water_bottle_03 | r96_flexo_water_bottle_04 | r96_flexo_water_bottle_04 | r96_flexo_water_bottle_06~~~Blue | Grey~~~~~~Pad Print~~No~~~~~Printed 1 colour 1 position~~~Pad Print~~~~~50~$9.22~100~8.49~250~8.09~500~7.8~1000~7.53~2500~7.47~5000~7.43~10000~POA~Setup Charge~75~~Repeat Setup Charge~35~~0.62m~0.47m~0.29m~14~48~~~~
The Premier Collection~S005259~THE PREMIER COLLECTION~~~~R74~Denver Water Bottle~~Drink Bottles~Drinkware~~~No~This straight sided, contemporary styled water bottle is made from BPA free Tritan. Featuring an easy open flip lid with lock-back option, this handy bottle is available with clear body and a choice of 4 translucent lid colours including; green, blue, smoke or red. For use with cold liquid only.~~~~Capacity: 680ml~Bulk packed~r74_denver_water_bottle_group~r74_denver_water_bottle_ black | r74_denver_water_bottle_blue | r74_denver_water_bottle_green | r74_denver_water_bottle_red~~~Green | Blue | Smoke | Red~~~~~~None~~No~~~~~Undecorated ~~~None ~~~~~100~$3.96~250~3.84~500~3.73~1000~3.49~2500~3.47~5000~3.45~10000~POA~~~~~~~~~0.44m~0.44m~0.27m~7~36~~~~
The Premier Collection~S005259~THE PREMIER COLLECTION~~~~R74~Denver Water Bottle~~Drink Bottles~Drinkware~~~No~This straight sided, contemporary styled water bottle is made from BPA free Tritan. Featuring an easy open flip lid with lock-back option, this handy bottle is available with clear body and a choice of 4 translucent lid colours including; green, blue, smoke or red. For use with cold liquid only.~~~~Capacity: 680ml~Bulk packed~r74_denver_water_bottle_group~r74_denver_water_bottle_ black | r74_denver_water_bottle_blue | r74_denver_water_bottle_green | r74_denver_water_bottle_red~~~Green | Blue | Smoke | Red~~~~~~Pad Print~~No~~~~~Printed 1 colour 1 position~~~Pad Print~~~~~100~$4.78~250~4.5~500~4.33~1000~4.06~2500~4.02~5000~4~10000~POA~~~Setup Charge~75~~Repeat Setup Charge~35~~0.44m~0.44m~0.27m~7~36~~~~
The Premier Collection~S005259~THE PREMIER COLLECTION~~~~B6630~Share Plate~~Leisure~Cheeseboards~~~No~This round shaped ‘eco-friendly’ bamboo cheese board makes the perfect snack-time addition. Laser engraved with your logo, this board is supplied in a natural coloured gift box. Because of the unique nature of bamboo, the product and engraving colour may vary from item to item.~~~~32cm diameter x 1.5cm thick (all hand made so measurements may vary slightly)~Individual natural colour box~b6630_share_plate_01~~~~Natural~~~~~~None~~No~~~~~Undecorated ~~~None ~~~~~50~$9.60~100~8.29~250~7.86~500~7.42~1000~7.2~2500~6.98~5000~6.33~10000~POA~~~~~~~~~~~~~~~
The Premier Collection~S005259~THE PREMIER COLLECTION~~~~B6630~Share Plate~~Leisure~Cheeseboards~~~No~This round shaped ‘eco-friendly’ bamboo cheese board makes the perfect snack-time addition. Laser engraved with your logo, this board is supplied in a natural coloured gift box. Because of the unique nature of bamboo, the product and engraving colour may vary from item to item.~~~~32cm diameter x 1.5cm thick (all hand made so measurements may vary slightly)~Individual natural colour box~b6630_share_plate_01~~~~Natural~~~~~~Laser engrave~~No~~~~~Engraved 1 position~~~Laser Engraved~~~~~50~$11.30~100~9.99~250~9.55~500~9.11~1000~8.9~2500~8.68~5000~8.02~10000~POA~Setup Charge~75~~Repeat Setup Charge~35~~~~~~~~~~
The Premier Collection~S005260~THE PREMIER COLLECTION~~~~B6630~Share Plate~~Leisure~Cheeseboards~~~No~This round shaped ‘eco-friendly’ bamboo cheese board makes the perfect snack-time addition. Laser engraved with your logo, this board is supplied in a natural coloured gift box. Because of the unique nature of bamboo, the product and engraving colour may vary from item to item.~~~~32cm diameter x 1.5cm thick (all hand made so measurements may vary slightly)~Individual natural colour box~b6630_share_plate_01~~~~Natural~~~~~~Pad Print~~No~~~~~Printed~~~Pad Print~~~~~50~$10.86~100~9.42~250~8.91~500~8.45~1000~8.21~2500~7.99~5000~7.33~~~Setup Charge~75~~Repeat Setup Charge~35~~~~~~~~~~
The Premier Collection~S005259~THE PREMIER COLLECTION~~~~B6830~Ploughman~~Leisure~Cheeseboards~~~No~Ploughman is a step above your average cheese board. Made from stylish Acacia wood and featuring a leather hang strap and black highlight, its unique design will attract the style connoisseur. Engraved or printed with your logo, Ploughman is supplied in a natural coloured gift box. Because of the unique nature of natural timber, the product and engraving colour may vary from item to item. ~~~~36.5cm wide x 18cm high x 1.3cm thick (all hand made so measurements may vary slightly)~Individual natural colour box~r6830_ploughman_01~~~~Natural~~~~~~None~~No~~~~~Undecorated ~~~None ~~~~~25~$13.97~50~12.57~100~12.23~250~11.88~500~11.53~1000~11.18~2500~10.83~5000~10.48~~~~~~~~~~~~~~~
The Premier Collection~S005259~THE PREMIER COLLECTION~~~~B6830~Ploughman~~Leisure~Cheeseboards~~~No~Ploughman is a step above your average cheese board. Made from stylish Acacia wood and featuring a leather hang strap and black highlight, its unique design will attract the style connoisseur. Engraved or printed with your logo, Ploughman is supplied in a natural coloured gift box. Because of the unique nature of natural timber, the product and engraving colour may vary from item to item. ~~~~36.5cm wide x 18cm high x 1.3cm thick (all hand made so measurements may vary slightly)~Individual natural colour box~r6830_ploughman_01~~~~Natural~~~~~~Laser engrave~~No~~~~~Engraved 1 position~~~Laser Engraved~~~~~25~$17.19~50~14.27~100~13.92~250~13.57~500~13.22~1000~12.87~2500~12.52~5000~12.17~Setup Charge~75~~Repeat Setup Charge~35~~~~~~~~~~
The Premier Collection~S005259~THE PREMIER COLLECTION~~~~B6830~Ploughman~~Leisure~Cheeseboards~~~No~Ploughman is a step above your average cheese board. Made from stylish Acacia wood and featuring a leather hang strap and black highlight, its unique design will attract the style connoisseur. Engraved or printed with your logo, Ploughman is supplied in a natural coloured gift box. Because of the unique nature of natural timber, the product and engraving colour may vary from item to item. ~~~~36.5cm wide x 18cm high x 1.3cm thick (all hand made so measurements may vary slightly)~Individual natural colour box~r6830_ploughman_01~~~~Natural~~~~~~Pad Print~~No~~~~~Printed 1 colour 1 position~~~Pad Print~~~~~25~$15.49~50~13.83~100~13.36~250~12.93~500~12.56~1000~12.19~2500~11.84~5000~11.48~Setup Charge~75~~Repeat Setup Charge~35~~~~~~~~~~
The Premier Collection~S005259~THE PREMIER COLLECTION~~~~B6730~Provence Cheese Set~~Leisure~Cheeseboards~~~No~This ‘top of the range’ cheese set is crafted from solid Acacia wood. Featuring a handy cheese knife, leather hang strap and supplied in a stylish form fitting protective gift box, Provence makes the ideal upmarket corporate gift. Because of the unique nature of natural timber, the product and engraving colour may vary from item to item. ~~~~38cm wide (including handle) x 20cm high x 1.5cm thick~Gift box~b6730_provence_cheese_set_01~b6730_provence_cheese_set_02|b6730_provence_cheese_set_03.jpg~~~Natural~~~~~~None~~No~~~~~Undecorated ~~~None ~~~~~25~$16.81~50~15.9~100~15.45~250~15.26~500~14.99~1000~14.54~2500~14.08~5000~13.63~~~~~~~~~~~~~~~
The Premier Collection~S005259~THE PREMIER COLLECTION~~~~B6730~Provence Cheese Set~~Leisure~Cheeseboards~~~No~This ‘top of the range’ cheese set is crafted from solid Acacia wood. Featuring a handy cheese knife, leather hang strap and supplied in a stylish form fitting protective gift box, Provence makes the ideal upmarket corporate gift. Because of the unique nature of natural timber, the product and engraving colour may vary from item to item. ~~~~38cm wide (including handle) x 20cm high x 1.5cm thick~Gift box~b6730_provence_cheese_set_01~b6730_provence_cheese_set_02 | b6730_provence_cheese_set_03~~~Natural~~~~~~Laser engrave~~No~~~~~Engraved 1 position~~~Laser Engraved~~~~~25~$18.50~50~17.59~100~17.14~250~16.96~500~16.69~1000~16.23~2500~15.78~5000~15.32~Setup Charge~75~~Repeat Setup Charge~35~~~~~~~~~~
The Premier Collection~S005259~THE PREMIER COLLECTION~~~~B6730~Provence Cheese Set~~Leisure~Cheeseboards~~~No~This ‘top of the range’ cheese set is crafted from solid Acacia wood. Featuring a handy cheese knife, leather hang strap and supplied in a stylish form fitting protective gift box, Provence makes the ideal upmarket corporate gift. Because of the unique nature of natural timber, the product and engraving colour may vary from item to item. ~~~~38cm wide (including handle) x 20cm high x 1.5cm thick~Gift box~b6730_provence_cheese_set_01~b6730_provence_cheese_set_02 | b6730_provence_cheese_set_03~~~Natural~~~~~~Pad Print~~No~~~~~Printed~~~Pad Print~~~~~25~$18.33~50~17.16~100~16.58~250~16.31~500~16.02~1000~15.55~2500~15.09~5000~14.63~Setup Charge~75~~Repeat Setup Charge~35~~~~~~~~~~
The Premier Collection~S005259~THE PREMIER COLLECTION~~~~B5827~BYO Deluxe~~Bag~BYO~~~No~Looking for a BYO bag with modern styling? Then look no further. BYO Deluxe is made with a striking soft-feel outer and lined with impact absorbing EVA. Folding flat for easy storage, this impressive gift will take pride of place. ~~~~37cm high~Poly bag~b5827_byo__stubbydeluxe~b5827_byo__stubbydeluxe_flat~~~Grey~~~~~~None~~No~~~~~Undecorated ~~~None ~~~~~50~$5.23~100~4.81~250~4.68~500~4.54~1000~4.26~2500~4.13~5000~3.99~10000~POA~~~~~~~~~~~~~~~
The Premier Collection~S005259~THE PREMIER COLLECTION~~~~B5827~BYO Deluxe~~Bag~BYO~~~No~Looking for a BYO bag with modern styling? Then look no further. BYO Deluxe is made with a striking soft-feel outer and lined with impact absorbing EVA. Folding flat for easy storage, this impressive gift will take pride of place. ~~~~37cm high~Poly bag~b5827_byo__stubbydeluxe~b5827_byo__stubbydeluxe_flat~~~Grey~~~~~~Pad Print~~No~~~~~Printed 1 colour 1 position~~~Pad Print~~~~~50~$6.35~100~5.56~250~5.29~500~5.11~1000~4.82~2500~4.67~5000~4.53~10000~POA~Setup Charge~75~~Repeat Setup Charge~35~~~~~~~~~~
The Premier Collection~S005259~THE PREMIER COLLECTION~~~~B74~Miami Picnic Cooler~~Leisure~Picnic~~~No~Arrive in style at your next picnic with Miami Picnic Cooler in hand. Designed to keep your food and drink cool, this useful carry basket features an insulated foil lined interior, tough 600d outer and foldable aluminium frame with soft-feel rubber grip handle. ~~~~42cm (w) x 26cm (d) x 25cm (h) – excluding handle~Bulk packed~b74_miami_group.jpg~b74_miami_picnic_cooler_open.jpg|b74_miami_blue | b74_miami_picnic_cooler_closed_black | b74_miami_picnic_cooler_closed_navy | b74_miami_picnic_cooler_folded_insert | b74_miami_red~~~Black | Navy |Royal | Red~~~~~~None~~No~~~~~Undecorated ~~~None ~~~~~50~$10.28~100~9.49~250~9.22~500~8.96~1000~8.43~2500~8.17~5000~7.91~10000~POA~~~~~~~0.58m~0.48m~0.42m~13~20~~~~
The Premier Collection~S005259~THE PREMIER COLLECTION~~~~B74~Miami Picnic Cooler~~Leisure ~Picnic~~~No~Arrive in style at your next picnic with Miami Picnic Cooler in hand. Designed to keep your food and drink cool, this useful carry basket features an insulated foil lined interior, tough 600d outer and foldable aluminium frame with soft-feel rubber grip handle. ~~~~42cm (w) x 26cm (d) x 25cm (h) – excluding handle~Bulk packed~b74_miami_group.jpg~b74_miami_picnic_cooler_open.jpg|b74_miami_blue | b74_miami_picnic_cooler_closed_black | b74_miami_picnic_cooler_closed_navy | b74_miami_picnic_cooler_folded_insert | b74_miami_red~~~Black | Navy |Royal | Red~~~~~~Transfer print~~No~~~~~Printed 1 colour 1 position~~~Transfer Print ~~~~~50~$14.33~100~12.97~250~12.37~500~12~1000~11.42~2500~11.12~5000~10.86~10000~POA~Setup Charge~75~~Repeat Setup Charge~35~~0.58m~0.48m~0.42m~13~20~~~~
The Premier Collection~S005259~THE PREMIER COLLECTION~~~~B75~Alaska Cooler Seat~~Leisure ~Picnic~~~No~This quality 2-in-1 gift is both a seat and a cooler bag. Made from tough 600d nylon with a super-tough black metal frame and carry handles, it features a foil insulated cooler compartment designed to keep food and drink cool for hours. Available in blue, black or navy. ~~~~33cm wide x 28cm deep x 40cm high~Bulk packed~b75_alaska_cooler_sml~b75_alaska_cooler_black | b75_alaska_cooler_navy | b75_alaska_cooler_open | b75_alaska_cooler_fold | b75_alaska_cooler_close~~~Blue | Black | Navy~~~~~~None~~No~~~~~Undecorated ~~~None ~~~~~50~$8.29~100~7.88~250~7.68~500~7.48~1000~7.28~2500~6.87~5000~6.47~10000~POA~~~~~~~~~~~~~~~
The Premier Collection~S005259~THE PREMIER COLLECTION~~~~B75~Alaska Cooler Seat~~Leisure~Picnic~~~No~This quality 2-in-1 gift is both a seat and a cooler bag. Made from tough 600d nylon with a super-tough black metal frame and carry handles, it features a foil insulated cooler compartment designed to keep food and drink cool for hours. Available in blue, black or navy. ~~~~33cm wide x 28cm deep x 40cm high~Bulk packed~b75_alaska_cooler_sml~b75_alaska_cooler_black | b75_alaska_cooler_navy | b75_alaska_cooler_open | b75_alaska_cooler_fold | b75_alaska_cooler_close~~~Blue | Black | Navy~~~~~~Transfer print~~No~~~~~Printed 1 colour 1 position~~~Transfer Print ~~~~~50~$12.34~100~11.37~250~10.83~500~10.52~1000~10.26~2500~9.82~5000~9.42~10000~POA~Setup Charge~75~~Repeat Setup Charge~35~~~~~~~~~~
The Premier Collection~S005259~THE PREMIER COLLECTION~~~~T91~Superior Outdoor Chair~~Leisure ~Leisure/Sports~~~No~If you’re after an impressive gift that’s guaranteed to build brand exposure…then take a close look at Superior Outdoor Chair. Made from tough 600D Oxford fabric and featuring a silver powder-coated frame, adjustable arms, stubby holder and carry bag. Available in blue, black, red or navy.~~~~53cm wide (excluding arms) x 52cm deep x 92 cm high (chair back)~Carry Bag~t91_ssuperior_outdoor_chair_sml~t91_ssuperior_chair_navy | t91_ssuperior_chair_red | t91_ssuperior_outdoor_chair_black | t91_ssuperior_outdoor_chair_blue | t91_ssuperior_pouch_black | t91_ssuperior_pouch_blue | t91_ssuperior_pouch_navy | t91_ssuperior_pouch_red~~~Blue | Black | Red | Navy~~~~~~None~~No~~~~~Undecorated ~~~None ~~~~~50~$12.32~100~11.65~250~10.98~500~10.65~1000~10.52~2500~10.32~5000~9.99~10000~POA~~~~~~~~~~~~~~~
The Premier Collection~S005259~THE PREMIER COLLECTION~~~~T91~Superior Outdoor Chair~~Leisure~Leisure/Sports~~~No~If you’re after an impressive gift that’s guaranteed to build brand exposure…then take a close look at Superior Outdoor Chair. Made from tough 600D Oxford fabric and featuring a silver powder-coated frame, adjustable arms, stubby holder and carry bag. Available in blue, black, red or navy.~~~~53cm wide (excluding arms) x 52cm deep x 92 cm high (chair back)~Carry Bag~t91_ssuperior_outdoor_chair_sml~t91_ssuperior_chair_navy | t91_ssuperior_chair_red | t91_ssuperior_outdoor_chair_black | t91_ssuperior_outdoor_chair_blue | t91_ssuperior_pouch_black | t91_ssuperior_pouch_blue | t91_ssuperior_pouch_navy | t91_ssuperior_pouch_red~~~Blue | Black | Red | Navy~~~~~~Transfer print~~No~~~~~Printed 1 colour 1 position~~~Transfer Print ~~~~~50~$15.68~100~14.77~250~13.92~500~13.41~1000~12.98~2500~12.66~5000~12.32~10000~POA~Setup Charge~75~~Repeat Setup Charge~35~~~~~~~~~~
The Premier Collection~S005259~THE PREMIER COLLECTION~~~~B39~Compact Picnic Mat~~Leisure~Leisure/Picnic~~~No~At long last, a picnic mat that’s able to fit in your glove box, handbag or attach to a backpack. Made from tough yet light weight 190T polyester, this picnic mat folds into a mini storage pouch. Available with a choice of 11 vibrant trim colours, this water-resistant mat will be a hit with clients and staff. ~~~~Mat: 145cm x 130cm (open) Pouch: 14.5cm high x 8cm wide x 3cm deep~Pouch~b3900i_compact_picnic_mat_sml_1~b3900i_compact_picnic_mat_ | b3900i_compact_picnic_mat_black | b3900i_compact_picnic_mat_green | b3900i_compact_picnic_mat_light blue | b3900i_compact_picnic_mat_lime_green | b3900i_compact_picnic_mat_navy | b3900i_compact_picnic_mat_orange | b3900i_compact_picnic_mat_purple | b3900i_compact_picnic_mat_red | b3900i_compact_picnic_mat_royalblue | b3900i_compact_picnic_mat_white |b3900i_compact_picnic_mat_yell | b3900i_compact_picnictrim~~~ TRIM: Black | White | Red | Royal Blue | Navy | Light Blue | Yellow | Purple | Green | Lime Green | Orange~~~~~~Screen print~~Yes~~~~~Printed 1 colour 1 position~~~Printed on pouch only~~~~~100~$6.98~250~6.85~500~6.68~1000~6.13~2500~5.91~5000~POA~10000~POA~~~Setup Charge~75~~Repeat Setup Charge~35~Exact repeat only if ordered within 3 months of initial order~0.50m~0.28m~0.30m~16~100~~~~
The Premier Collection~S005259~THE PREMIER COLLECTION~~~~B39~Compact Picnic Mat~~Leisure~Leirsure/Picnic~~~No~At long last, a picnic mat that’s able to fit in your glove box, handbag or attach to a backpack. Made from tough yet light weight 190T polyester, this picnic mat folds into a mini storage pouch. Available with a choice of 11 vibrant trim colours, this water-resistant mat will be a hit with clients and staff. ~~~~Mat: 145cm x 130cm (open) Pouch: 14.5cm high x 8cm wide x 3cm deep~Pouch~b3900i_compact_picnic_mat_sml_1~b3900i_compact_picnic_mat_ | b3900i_compact_picnic_mat_black | b3900i_compact_picnic_mat_green | b3900i_compact_picnic_mat_light blue | b3900i_compact_picnic_mat_lime_green | b3900i_compact_picnic_mat_navy | b3900i_compact_picnic_mat_orange | b3900i_compact_picnic_mat_purple | b3900i_compact_picnic_mat_red | b3900i_compact_picnic_mat_royalblue | b3900i_compact_picnic_mat_white |b3900i_compact_picnic_mat_yell | b3900i_compact_picnictrim~~~ TRIM: Black | White | Red | Royal Blue | Navy | Light Blue | Yellow | Purple | Green | Lime Green | Orange~~~~~~Add this price to Printed on Pouch only price~~Yes~~~~~Add this price to Printed on Pouch only price~~~Print on Mat 20cm x 10cm - 1 colour~~~~~100~$0.39~250~0.39~500~0.39~1000~0.32~2500~0.3~5000~POA~10000~POA~~~Setup Charge~75~~Repeat Setup Charge~35~Exact repeat only if ordered within 3 months of initial order~~~~~~~~~
The Premier Collection~S005259~THE PREMIER COLLECTION~~~~B39~Compact Picnic Mat~~Leisure ~Leisure/Picnic~~~No~At long last, a picnic mat that’s able to fit in your glove box, handbag or attach to a backpack. Made from tough yet light weight 190T polyester, this picnic mat folds into a mini storage pouch. Available with a choice of 11 vibrant trim colours, this water-resistant mat will be a hit with clients and staff. ~~~~Mat: 145cm x 130cm (open) Pouch: 14.5cm high x 8cm wide x 3cm deep~Pouch~b3900i_compact_picnic_mat_sml_1~b3900i_compact_picnic_mat_ | b3900i_compact_picnic_mat_black | b3900i_compact_picnic_mat_green | b3900i_compact_picnic_mat_light blue | b3900i_compact_picnic_mat_lime_green | b3900i_compact_picnic_mat_navy | b3900i_compact_picnic_mat_orange | b3900i_compact_picnic_mat_purple | b3900i_compact_picnic_mat_red | b3900i_compact_picnic_mat_royalblue | b3900i_compact_picnic_mat_white |b3900i_compact_picnic_mat_yell | b3900i_compact_picnictrim~~~ TRIM: Black | White | Red | Royal Blue | Navy | Light Blue | Yellow | Purple | Green | Lime Green | Orange~~~~~~Add this price to Printed on Pouch only price~~Yes~~~~~Add this price to Printed on Pouch only price~~~Print on Mat 40cm x 20cm - 1 colour~~~~~100~$0.51~250~0.51~500~0.51~1000~0.43~2500~0.4~5000~POA~10000~POA~~~Setup Charge~75~~Repeat Setup Charge~35~Exact repeat only if ordered within 3 months of initial order~~~~~~~~~
The Premier Collection~S005259~THE PREMIER COLLECTION~~~~B39~Compact Picnic Mat~~Leisure~Leisure/Picnic~~~No~At long last, a picnic mat that’s able to fit in your glove box, handbag or attach to a backpack. Made from tough yet light weight 190T polyester, this picnic mat folds into a mini storage pouch. Available with a choice of 11 vibrant trim colours, this water-resistant mat will be a hit with clients and staff. ~~~~Mat: 145cm x 130cm (open) Pouch: 14.5cm high x 8cm wide x 3cm deep~Pouch~b3900i_compact_picnic_mat_sml_1~b3900i_compact_picnic_mat_ | b3900i_compact_picnic_mat_black | b3900i_compact_picnic_mat_green | b3900i_compact_picnic_mat_light blue | b3900i_compact_picnic_mat_lime_green | b3900i_compact_picnic_mat_navy | b3900i_compact_picnic_mat_orange | b3900i_compact_picnic_mat_purple | b3900i_compact_picnic_mat_red | b3900i_compact_picnic_mat_royalblue | b3900i_compact_picnic_mat_white |b3900i_compact_picnic_mat_yell | b3900i_compact_picnictrim~~~ TRIM: Black | White | Red | Royal Blue | Navy | Light Blue | Yellow | Purple | Green | Lime Green | Orange~~~~~~Add this price to Printed on Pouch only price~~Yes~~~~~Add this price to Printed on Pouch only price~~~Print on Mat 100cm x 50cm - 1 colour~~~~~100~$1.37~250~1.37~500~1.37~1000~1.29~2500~1.2~5000~POA~10000~POA~~~Setup Charge~75~~Repeat Setup Charge~35~Exact repeat only if ordered within 3 months of initial order~~~~~~~~~
The Premier Collection~S005259~THE PREMIER COLLECTION~~~~G8002~Work-out Microfibre Towel~~Sports ~Leisure~~~No~This quality microfibre towel measures an impressive 34cm x 79cm when open, yet folds easily into a mini storage pouch. Ideal for use at the gym, when on a run or whenever you’re in need of a towel. ~~~~Towel: 34cm wide x 79cm long. Pouch: 15.5cm high x 9.5cm wide x 2cm. ~Pouch~g8002_workou_micro_fibre_towelsml~g8002_workou_micro_fibre_towel_03 | g8002_workou_micro_fibre_towel_01 | g8002_workou_micro_fibre_towel_02~~~Blue towel with black pouch~~~~~~None~~No~~~~~Undecorated ~~~None ~~~~~100~$3.09~250~2.93~500~2.77~1000~2.69~2500~2.61~5000~2.44~10000~POA~~~~~~~~~~~~~~~~~
The Premier Collection~S005259~THE PREMIER COLLECTION~~~~G8002~Work-out Microfibre Towel~~Sports ~Leisure~~~No~This quality microfibre towel measures an impressive 34cm x 79cm when open, yet folds easily into a mini storage pouch. Ideal for use at the gym, when on a run or whenever you’re in need of a towel. ~~~~Towel: 34cm wide x 79cm long. Pouch: 15.5cm high x 9.5cm wide x 2cm. ~Pouch~g8002_workou_micro_fibre_towelsml~g8002_workou_micro_fibre_towel_03 | g8002_workou_micro_fibre_towel_01 | g8002_workou_micro_fibre_towel_02~~~Blue towel with black pouch~~~~~~Pad Print~~No~~~~~Printed 1 colour  1 position~~~Pad Print on pouch~~~~~100~$3.84~250~3.55~500~3.34~1000~3.24~2500~3.15~5000~2.98~10000~POA~~~Setup Charge~75~~Repeat Setup Charge~35~~~~~~~~~~
The Premier Collection~S005259~THE PREMIER COLLECTION~~~~D3404~Ezi-Fold Sunshade ~~Car Sunshades~Car Sunshades~~~No~These Ezi-Fold car sunshades are designed to make folding the shade a breeze. Featuring a silver reflective surface, they fold away into a space saving storage pouch. Shades available in 4 different colours (Black/Silver, Royal Blue/Silver, Red/Silver and White/Silver) with 11 different trim colour options. A colour co-ordinated storage pouch is also included (11 colour options). ~~~~Open: 68cm x 142cm~Storage pouch~d3404_sun_shade_01~d3404_sun_shade_03 | d3404_sun_shade_04 | d3404_sun_shade_02~~~Black/Silver | Royal Blue/Silver | Red/Silver | White/Silver) with 11 different trim colour options~~~~~~Screen print~~Yes~~~~~Printed 1 colour ~~~Screen Print~~~~~100~$8.96~250~8.67~500~8.31~1000~7.98~2500~7.6~5000~POA~10000~POA~~~Setup Charge~75~~Repeat Setup Charge~45~Exact repeat only if ordered within 3 months of initial order~0.52m~0.26m~0.34m~10~50~~~~
The Premier Collection~S005259~THE PREMIER COLLECTION~~~~D3404~Ezi-Fold Sunshade ~~Car Sunshades~Car Sunshades~~~No~These Ezi-Fold car sunshades are designed to make folding the shade a breeze. Featuring a silver reflective surface, they fold away into a space saving storage pouch. Shades available in 4 different colours (Black/Silver, Royal Blue/Silver, Red/Silver and White/Silver) with 11 different trim colour options. A colour co-ordinated storage pouch is also included (11 colour options). ~~~~Open: 68cm x 142cm~Storage pouch~d3404_sun_shade_01~d3404_sun_shade_03 | d3404_sun_shade_04 | d3404_sun_shade_02~~~Black/Silver | Royal Blue/Silver | Red/Silver | White/Silver) with 11 different trim colour options~~~~~~Screen print~~Yes~~~~~Printed 2 colours ~~~Screen Print~~~~~100~$9.54~250~9.24~500~8.86~1000~8.51~2500~8.11~5000~POA~10000~POA~~~Setup Charge~75x2~~Repeat Setup Charge~45x2~Exact repeat only if ordered within 3 months of initial order~0.52m~0.26m~0.34m~10~50~~~~
The Premier Collection~S005259~THE PREMIER COLLECTION~~~~D3404~Ezi-Fold Sunshade ~~Car Sunshades~Car Sunshades~~~No~These Ezi-Fold car sunshades are designed to make folding the shade a breeze. Featuring a silver reflective surface, they fold away into a space saving storage pouch. Shades available in 4 different colours (Black/Silver, Royal Blue/Silver, Red/Silver and White/Silver) with 11 different trim colour options. A colour co-ordinated storage pouch is also included (11 colour options). ~~~~Open: 68cm x 142cm~Storage pouch~d3404_sun_shade_01~d3404_sun_shade_03 | d3404_sun_shade_04 | d3404_sun_shade_02~~~Black/Silver | Royal Blue/Silver | Red/Silver | White/Silver) with 11 different trim colour options~~~~~~Screen print~~Yes~~~~~Printed 3 colours~~~Screen Print~~~~~100~$9.88~250~9.57~500~9.18~1000~8.82~2500~8.41~5000~POA~10000~POA~~~Setup Charge~75x3~~Repeat Setup Charge~45x3~Exact repeat only if ordered within 3 months of initial order~0.52m~0.26m~0.34m~10~50~~~~
The Premier Collection~S005259~THE PREMIER COLLECTION~~~~D3404~Ezi-Fold Sunshade ~~Car Sunshades~Car Sunshades~~~No~These Ezi-Fold car sunshades are designed to make folding the shade a breeze. Featuring a silver reflective surface, they fold away into a space saving storage pouch. Shades available in 4 different colours (Black/Silver, Royal Blue/Silver, Red/Silver and White/Silver) with 11 different trim colour options. A colour co-ordinated storage pouch is also included (11 colour options). ~~~~Open: 68cm x 142cm~Storage pouch~d3404_sun_shade_01~d3404_sun_shade_03 | d3404_sun_shade_04 | d3404_sun_shade_02~~~Black/Silver | Royal Blue/Silver | Red/Silver | White/Silver) with 11 different trim colour options~~~~~~Screen print~~Yes~~~~~Printed 4 colours~~~Screen Print~~~~~100~$10.22~250~9.9~500~9.5~1000~9.13~2500~8.71~5000~POA~10000~POA~~~Setup Charge~75x4~~Repeat Setup Charge~45x4~Exact repeat only if ordered within 3 months of initial order~0.52m~0.26m~0.34m~10~50~~~~
The Premier Collection~S005259~THE PREMIER COLLECTION~~~~D3404~Ezi-Fold Sunshade ~~Car Sunshades~Car Sunshades~~~No~These Ezi-Fold car sunshades are designed to make folding the shade a breeze. Featuring a silver reflective surface, they fold away into a space saving storage pouch. Shades available in 4 different colours (Black/Silver, Royal Blue/Silver, Red/Silver and White/Silver) with 11 different trim colour options. A colour co-ordinated storage pouch is also included (11 colour options). ~~~~Open: 68cm x 142cm~Storage pouch~d3404_sun_shade_01~d3404_sun_shade_03 | d3404_sun_shade_04 | d3404_sun_shade_02~~~~~~~~~Optional Pouch Print~~Yes~~~~~Optional Pouch Print - Add to above pricing, per colour~~~Screen Print~~~~~100~$0.36~250~0.29~500~0.18~1000~0.14~2500~0.12~5000~POA~10000~POA~~~Setup Charge~75/col~~Repeat Setup Charge~35/col~Exact repeat only if ordered within 3 months of initial order~~~~~~~~~
